"시설번호",시설유형코드,시도명,시군구명,시군구코드,소재지도로명주소,소재지지번주소,위도,경도,상세위치,안전센터명,보호틀유무,사용가능여부,설치연도,배관깊이,출수압력,배관지름,관할소방서명,관할소방서전화번호,데이터기준일자
"세교1호",1,경기도,오산시,41370,,경기도 오산시 양산동 294,37.194307,127.026089,양산동 294번지 빌라 앞,세교안전센터,N,Y,1999,1,6,100,오산소방서,031-8059-7413,2021-04-12
"세교2호",1,경기도,오산시,41370,경기도 오산시 한신대133번길 28,경기도 오산시 양산동 291,37.194536,127.025681,양산동 291번지 컨테이너 옆,세교안전센터,Y,Y,1999,1,5,100,오산소방서,031-8059-7413,2021-04-12
"세교3호",1,경기도,오산시,41370,경기도 오산시 한신대133번길 17-1,경기도 오산시양산동 304-2,37.195099,127.025195,지오빌라 옆,세교안전센터,N,Y,1999,1,4,100,오산소방서,031-8059-7413,2021-04-12
"세교4호",1,경기도,오산시,41370,,경기도 오산시 양산동 315-3,37.195917,127.027055,양산상회 앞,세교안전센터,Y,Y,1999,1,5,100,오산소방서,031-8059-7413,2021-04-12
"세교5호",1,경기도,오산시,41370,,경기도 오산시 양산동 317-9,37.195731,127.027485,양산상회 옆,세교안전센터,Y,Y,1995,1,5,100,오산소방서,031-8059-7413,2021-04-12
"세교6호",1,경기도,오산시,41370,,경기도 오산시 양산동 656-7,37.195062,127.022925,우리슈퍼 맞은편,세교안전센터,Y,Y,1995,1,5,100,오산소방서,031-8059-7413,2021-04-12
"세교7호",1,경기도,오산시,41370,,경기도 오산시 양산동 82-3,37.190406,127.032931,늘푸른오스카빌 아파트 입구 우측,세교안전센터,Y,Y,1998,1,5,100,오산소방서,031-8059-7413,2021-04-12
"세교8호",1,경기도,오산시,41370,,경기도 오산시 금암동 219,37.171947,127.053323,휴먼시아 13단지 1307동 앞 사거리 코너,세교안전센터,Y,Y,2001,1,3.8,100,오산소방서,031-8059-7413,2021-04-12
"세교9호",1,경기도,오산시,41370,,경기도 오산시 금암동 483-1,37.178903,127.046274,휴먼시아 803동앞,세교안전센터,Y,Y,2012,1,3.8,100,오산소방서,031-8059-7413,2021-04-12
"세교10호",1,경기도,오산시,41370,,경기도 오산시 금암동 485-2,37.179581,127.050359,주공10단지입구 1001동앞,세교안전센터,Y,Y,1998,1,3.8,100,오산소방서,031-8059-7413,2021-04-12
"세교11호",1,경기도,오산시,41370,경기도 오산시 수청로 124,경기도 오산시 금암동 486,37.178987,127.052689,필봉초등학교 정문 앞,세교안전센터,Y,Y,2012,1,3.8,100,오산소방서,031-8059-7413,2021-04-12
"세교12호",1,경기도,오산시,41370,,경기도 오산시 금암동 487-2,37.177257,127.052565,세교고등학교 정문 옆,세교안전센터,Y,Y,2011,1,3.8,100,오산소방서,031-8059-7413,2021-04-12
"세교13호",1,경기도,오산시,41370,,경기도 오산시 금암동 489,37.177682,127.054986,주공12단지 맞은편 어린이공원7호 앞,세교안전센터,Y,Y,2011,1,3.8,100,오산소방서,031-8059-7413,2021-04-12
"세교14호",1,경기도,오산시,41370,,경기도 오산시 금암동 491-5,37.177422,127.0555941,물향기 유치원 앞맞은편,세교안전센터,Y,Y,2012,1,3.8,100,오산소방서,031-8059-7413,2021-04-12
"세교15호",1,경기도,오산시,41370,경기도 오산시 수청로106번길 14,경기도 오산시 금암동 492-2,37.171625,127.059557,마포갈비 옆 도로변,세교안전센터,Y,Y,2011,1,3.8,100,오산소방서,031-8059-7413,2021-04-12
"세교16호",1,경기도,오산시,41370,경기도 오산시 문헌공로 45,경기도 오산시 금암동 495-2,37.177351,127.056365,세교지구 임마뉴엘교회앞,세교안전센터,Y,Y,2012,1,3.8,100,오산소방서,031-8059-7413,2021-04-12
"세교17호",1,경기도,오산시,41370,경기도 오산시 수목원로468번길 5,경기도 오산시 금암동 496,37.177464,127.048096,주공 9단지 상가,세교안전센터,Y,Y,2000,1,3.8,100,오산소방서,031-8059-7413,2021-04-12
"세교18호",1,경기도,오산시,41370,,경기도 오산시 금암동 497,37.175656,127.051542,주공12단지1206동 앞,세교안전센터,Y,Y,2012,1,3.8,100,오산소방서,031-8059-7413,2021-04-12
"세교19호",1,경기도,오산시,41370,경기도 오산시 문헌공로 3,경기도 오산시 금암동 502-5,37.176886,127.052901,세교@12단지 옆 상가단지,세교안전센터,Y,Y,2000,1,3.8,100,오산소방서,031-8059-7413,2021-04-12
"세교20호",1,경기도,오산시,41370,경기도 오산시 문헌공로 9,경기도 오산시 금암동 503-3,37.175629,127.051968,주공1204동 앞 인피니트 상가뒤,세교안전센터,Y,Y,2011,1,3.8,100,오산소방서,031-8059-7413,2021-04-12
"세교21호",1,경기도,오산시,41370,,경기도 오산시 금암동 504,37.178828,127.047491,주공8단지810동 입구,세교안전센터,Y,Y,2012,1,4.5,100,오산소방서,031-8059-7413,2021-04-12
"세교22호",1,경기도,오산시,41370,,경기도 오산시 금암동 506-1,37.176167,127.051252,주공12단지1207동 앞,세교안전센터,Y,Y,2012,1,4.1,100,오산소방서,031-8059-7413,2021-04-12
"세교23호",1,경기도,오산시,41370,,경기도 오산시 금암동 507,37.175839,127.053442,주공1202동 뒤 도로변,세교안전센터,Y,Y,2012,1,5,100,오산소방서,031-8059-7413,2021-04-12
"세교24호",1,경기도,오산시,41370,경기도 오산시 수청로 204-20,경기도 오산시 금암동 510,37.178413,127.043324,금암동 금암초교 정문앞,세교안전센터,Y,Y,2012,1,4.2,100,오산소방서,031-8059-7413,2021-04-12
"세교25호",1,경기도,오산시,41370,,경기도 오산시 금암동 512-1,37.177211,127.043857,금암동 주공 304동 상가 맞은편,세교안전센터,Y,Y,2012,1,2,100,오산소방서,031-8059-7413,2021-04-12
"세교26호",1,경기도,오산시,41370,,경기도 오산시 금암동 545,37.178829,127.048278,롯데슈퍼 건너편 주공8단지 앞,세교안전센터,Y,Y,2011,1,4.7,100,오산소방서,031-8059-7413,2021-04-12
"세교27호",1,경기도,오산시,41370,,경기도 오산시 금암동 513-2,37.176267,127.042664,금암동 주공 412동 앞,세교안전센터,Y,Y,2012,1,4.5,100,오산소방서,031-8059-7413,2021-04-12
"세교28호",1,경기도,오산시,41370,,경기도 오산시 금암동 516-1,37.176459,127.044345,금암동 파리바게트 앞,세교안전센터,Y,Y,2012,1,4.6,100,오산소방서,031-8059-7413,2021-04-12
"세교29호",1,경기도,오산시,41370,경기도 오산시 수청로 193,경기도 오산시 금암동 516-4,37.176874,127.045723,금암동 세교프라자 앞,세교안전센터,Y,Y,2012,1,4.2,100,오산소방서,031-8059-7413,2021-04-12
"세교30호",1,경기도,오산시,41370,,경기도 오산시 금암동 517-3,37.175375,127.044639,금암동5단지 상가 앞,세교안전센터,Y,Y,2012,1,4,100,오산소방서,031-8059-7413,2021-04-12
"세교31호",1,경기도,오산시,41370,,경기도 오산시 금암동 547,37.174393,127.044932,금암동 문시초교 진입로 사거리,세교안전센터,Y,Y,2012,1,4,100,오산소방서,031-8059-7413,2021-04-12
"세교32호",1,경기도,오산시,41370,,경기도 오산시 금암동 547,37.172459,127.045528,금암동 706동 진입로(후문),세교안전센터,Y,Y,2016,1,5,100,오산소방서,031-8059-7413,2021-04-12
"세교33호",1,경기도,오산시,41370,,경기도 오산시 금암동 522-3,37.170693,127.045516,주공7단지 입구 앞,세교안전센터,Y,Y,2011,1,3.8,100,오산소방서,031-8059-7413,2021-04-12
"세교34호",1,경기도,오산시,41370,,경기도 오산시 금암동 548-1,37.172559,127.050292,창의나라 어린이집 고인돌공원 입구,세교안전센터,Y,Y,2000,1,3.8,100,오산소방서,031-8059-7413,2021-04-12
"세교35호",1,경기도,오산시,41370,,경기도 오산시 금암동 526-7,37.171242,127.051589,세교할인마트 건너편,세교안전센터,Y,Y,2000,1,3.8,100,오산소방서,031-8059-7413,2021-04-12
"세교36호",1,경기도,오산시,41370,경기도 오산시 금암로 78,경기도 오산시 금암동 528-1,37.172067,127.049624,주공7단지 주공아파트 704동 옆,세교안전센터,Y,Y,2000,1,3.8,100,오산소방서,031-8059-7413,2021-04-12
"세교37호",1,경기도,오산시,41370,경기도 오산시 금암로16번길 36,경기도 오산시 금암동 531-8,37.171051,127.047415,금암동 703동 맞은편 인도,세교안전센터,Y,Y,2000,1,3.8,100,오산소방서,031-8059-7413,2021-04-12
"세교38호",1,경기도,오산시,41370,,경기도 오산시 금암동 548-10,37.170921,127.048741,금암동 703동 왼쪽 150M 지점,세교안전센터,Y,Y,2000,1,3.8,100,오산소방서,031-8059-7413,2021-04-12
"세교39호",1,경기도,오산시,41370,경기도 오산시 금암로 67,경기도 오산시 금암동 523-9,37.171536,127.0482822,금암동 704동 도로 따라 100M지점,세교안전센터,Y,Y,2000,1,3.5,100,오산소방서,031-8059-7413,2021-04-12
"세교40호",1,경기도,오산시,41370,,경기도 오산시 금암동 197-4,37.169855,127.048839,오산대역로 지곶동 방향 우측 702동 앞,세교안전센터,Y,Y,2000,1,7,100,오산소방서,031-8059-7413,2021-04-12
"세교41호",1,경기도,오산시,41370,,경기도 오산시 금암동 548-10,37.171253,127.049922,고인돌공원 창의나라 유치원 앞,세교안전센터,Y,Y,2011,1,4,100,오산소방서,031-8059-7413,2021-04-12
"세교42호",1,경기도,오산시,41370,경기도 오산시 금암로 15-11,경기도 오산시 금암동 537-8,37.170409,127.050803,주공7단지 702동 옆 50M부근,세교안전센터,Y,Y,2011,1,4,100,오산소방서,031-8059-7413,2021-04-12
"세교43호",1,경기도,오산시,41370,,경기도 오산시 금암동 545,37.179279,127.044934,금암초교 맞은편 804동 앞,세교안전센터,Y,Y,2010,1,3.8,100,오산소방서,031-8059-7413,2021-04-12
"세교44호",1,경기도,오산시,41370,경기도 오산시 여계산로 52-6,경기도 오산시 금암동 518,37.174756,127.046248,문시중학교 후문 앞,세교안전센터,Y,Y,2011,1,2.5,100,오산소방서,031-8059-7413,2021-04-12
"세교45호",1,경기도,오산시,41370,,경기도 오산시 내삼미동 산 12,37.174683,127.072157,남영빌 앞 매홀고등학교 후문,세교안전센터,Y,Y,2012,1,2.5,100,오산소방서,031-8059-7413,2021-04-12
"세교46호",1,경기도,오산시,41370,,경기도 오산시 내삼미동 902,37.175723,127.064145,오산세교자이 102동 앞,세교안전센터,Y,Y,2012,1,4,100,오산소방서,031-8059-7413,2021-04-12
"세교47호",1,경기도,오산시,41370,,경기도 오산시 수청동 9-21,37.167139,127.068404,내삼미로48번길 17 (진입로 앞),세교안전센터,Y,Y,1999,1,4,100,오산소방서,031-8059-7413,2021-04-12
"세교48호",1,경기도,오산시,41370,,경기도 오산시 내삼미동 903-1,37.171071,127.063766,"물향기수목원지하차도,1608동뒤",세교안전센터,Y,Y,2012,1,4,100,오산소방서,031-8059-7413,2021-04-12
"세교49호",1,경기도,오산시,41370,,경기도 오산시 내삼미동 산 24-1,37.171322,127.066269,오산세교쌍용예가 앞 사거리,세교안전센터,Y,Y,2012,1,4,100,오산소방서,031-8059-7413,2021-04-12
"세교50호",1,경기도,오산시,41370,,경기도 오산시 내삼미동 263-5,37.175949,127.062994,오산세교자이 114동 앞,세교안전센터,Y,Y,2012,1,4,100,오산소방서,031-8059-7413,2021-04-12
"세교51호",1,경기도,오산시,41370,,경기도 오산시 내삼미동 산 29,37.171499,127.067259,세교 쌍용예가 정문 옆,세교안전센터,Y,Y,2012,1,4,100,오산소방서,031-8059-7413,2021-04-12
"세교52호",1,경기도,오산시,41370,,경기도 오산시 내삼미동 898-3,37.171801,127.069006,삼거리세교 쌍용예가 인근,세교안전센터,Y,Y,2012,1,3.8,100,오산소방서,031-8059-7413,2021-04-12
"세교53호",1,경기도,오산시,41370,,경기도 오산시 내삼미동 902,37.173071,127.069004,오산세교 쌍용예가 옆길,세교안전센터,Y,Y,2012,1,3.3,100,오산소방서,031-8059-7413,2021-04-12
"세교54호",1,경기도,오산시,41370,,경기도 오산시 내삼미동 902,37.174199,127.069074,세교 호반베르디움 105동 인근,세교안전센터,Y,Y,2012,1,3.3,100,오산소방서,031-8059-7413,2021-04-12
"세교55호",1,경기도,오산시,41370,,경기도 오산시 내삼미동 499-1,37.180185,127.057259,서남자동차공업사 앞,세교안전센터,Y,Y,1999,1,3.8,100,오산소방서,031-8059-7413,2021-04-12
"세교56호",1,경기도,오산시,41370,,경기도 오산시 내삼미동 903-1,37.171233,127.065909,"세교16단지 입구, 1601동 앞",세교안전센터,Y,Y,2012,1,7,100,오산소방서,031-8059-7413,2021-04-12
"세교57호",1,경기도,오산시,41370,,경기도 오산시 내삼미동 696-5,37.169082,127.068563,아넬로카페 앞,세교안전센터,Y,Y,2012,1,6,100,오산소방서,031-8059-7413,2021-04-12
"세교58호",1,경기도,오산시,41370,,경기도 오산시 내삼미동 902,37.175282,127.069257,세교 호반베르디움 후문 10m지점,세교안전센터,Y,Y,2012,1,3.3,100,오산소방서,031-8059-7413,2021-04-12
"세교59호",1,경기도,오산시,41370,,경기도 오산시 내삼미동 876,37.175319,127.057188,그랜드 D.C 아울렛 앞,세교안전센터,Y,Y,1999,1,6,100,오산소방서,031-8059-7413,2021-04-12
"세교60호",1,경기도,오산시,41370,경기도 오산시 수청로 75-11,경기도 오산시 내삼미동 859-11,37.17434999,127.055756,세교감리교회 앞,세교안전센터,Y,Y,1999,1,3.8,100,오산소방서,031-8059-7413,2021-04-12
"세교61호",1,경기도,오산시,41370,,경기도 오산시 내삼미동 860-4,37.174679,127.057551,왕뼈감자탕 앞,세교안전센터,Y,Y,1999,1,3.8,100,오산소방서,031-8059-7413,2021-04-12
"세교62호",1,경기도,오산시,41370,경기도 오산시 수청로 32,경기도 오산시 내삼미동 861-10,37.172878,127.058177,우미아파트 정문 우측,세교안전센터,Y,Y,1998,1,6,100,오산소방서,031-8059-7413,2021-04-12
"세교63호",1,경기도,오산시,41370,경기도 오산시 수청로 30-13,경기도 오산시 내삼미동 861-16,37.173132,127.059505,세교프라자 건물 앞,세교안전센터,Y,Y,1999,1,3.3,100,오산소방서,031-8059-7413,2021-04-12
"세교64호",1,경기도,오산시,41370,,경기도 오산시 내삼미동 902,37.175527,127.065859,호반베르디움 101동 앞 사거리,세교안전센터,Y,Y,2012,1,3.3,100,오산소방서,031-8059-7413,2021-04-12
"세교65호",1,경기도,오산시,41370,경기도 오산시 수청로50번길 1,경기도 오산시 내삼미동 856-18,37.174513,127.057795,SNP 모터스 횡단보도 앞,세교안전센터,Y,Y,1999,1,5,100,오산소방서,031-8059-7413,2021-04-12
"세교66호",1,경기도,오산시,41370,,경기도 오산시 내삼미동 885-1,37.175484,127.054426,오산소방서 신청사 맞은편,세교안전센터,Y,Y,2012,1,3.3,100,오산소방서,031-8059-7413,2021-04-12
"세교67호",1,경기도,오산시,41370,,경기도 오산시 내삼미동 897-2,37.173179,127.065537,세마초등학교 정문 근처,세교안전센터,Y,Y,2012,1,5,100,오산소방서,031-8059-7413,2021-04-12
"세교68호",1,경기도,오산시,41370,,경기도 오산시 세교동 567-28,37.187862,127.042078,세마역 진입로 입구,세교안전센터,Y,Y,2012,1,3.3,100,오산소방서,031-8059-7413,2021-04-12
"세교69호",1,경기도,오산시,41370,경기도 오산시 큰말25번길 28,경기도 오산시 세교동 396,37.188525,127.034676,마을회관 앞,세교안전센터,Y,Y,1999,1,6,100,오산소방서,031-8059-7413,2021-04-12
"세교70호",1,경기도,오산시,41370,,경기도 오산시 세교동 515,37.186523,127.035186,보호수 정자 앞,세교안전센터,Y,Y,1999,1,6,100,오산소방서,031-8059-7413,2021-04-12
"세교71호",1,경기도,오산시,41370,,경기도 오산시 세교동 590-1,37.188313,127.043216,세마역 뒤 코너,세교안전센터,Y,Y,2012,1,3,100,오산소방서,031-8059-7413,2021-04-12
"세교72호",1,경기도,오산시,41370,,경기도 오산시 세교동 583,37.189769,127.045911,오산시 문시로 세마대 사거리,세교안전센터,Y,Y,2012,1,3,100,오산소방서,031-8059-7413,2021-04-12
"세교73호",1,경기도,오산시,41370,,경기도 오산시 세교동 584-1,37.189718,127.043651,세마역 맞은편 양산동 입구,세교안전센터,Y,Y,2012,1,3,100,오산소방서,031-8059-7413,2021-04-12
"세교74호",1,경기도,오산시,41370,,경기도 오산시 세교동 588-4,37.188894,127.044118,세마역 뒤,세교안전센터,Y,Y,2012,1,3,100,오산소방서,031-8059-7413,2021-04-12
"세교75호",1,경기도,오산시,41370,,경기도 오산시 세교동 589-4,37.187918,127.044589,세마역 뒤편 길 입구 부근,세교안전센터,Y,Y,2012,1,3,100,오산소방서,031-8059-7413,2021-04-12
"세교76호",1,경기도,오산시,41370,,경기도 오산시 세교동 592-2,37.187066,127.044387,세마역 뒤편 길,세교안전센터,Y,Y,2012,1,3,100,오산소방서,031-8059-7413,2021-04-12
"세교77호",1,경기도,오산시,41370,,경기도 오산시 세교동 592-2,37.186849,127.044037,세마역 뒤편 길 좌측 끝 부분,세교안전센터,Y,Y,2012,1,3,100,오산소방서,031-8059-7413,2021-04-12
"세교78호",1,경기도,오산시,41370,,경기도 오산시 세교동 592-3,37.186549,127.045191,세마역 뒤편 길 입구 200m 지점,세교안전센터,Y,Y,2012,1,3,100,오산소방서,031-8059-7413,2021-04-12
"세교79호",1,경기도,오산시,41370,,경기도 오산시 세교동 592-5,37.185798,127.045565,세마역 뒤편 길 입구 400m 지점,세교안전센터,Y,Y,2012,1,3,100,오산소방서,031-8059-7413,2021-04-12
"세교80호",1,경기도,오산시,41370,,경기도 오산시 세교동 592-7,37.185646,127.046777,아이행복 어린이집 건너편,세교안전센터,Y,Y,2012,1,3,100,오산소방서,031-8059-7413,2021-04-12
"세교81호",1,경기도,오산시,41370,,경기도 오산시 세교동 597-1,37.187259,127.040388,세마동주민센터 부근 삼거리,세교안전센터,Y,Y,2012,1,3,100,오산소방서,031-8059-7413,2021-04-12
"세교82호",1,경기도,오산시,41370,경기도 오산시 세마역로 95,경기도 오산시 세교동 598-3,37.187153,127.042325,미니스톱 옆,세교안전센터,Y,Y,2012,1,3,100,오산소방서,031-8059-7413,2021-04-12
"세교83호",1,경기도,오산시,41370,경기도 오산시 수목원로 612,경기도 오산시 세교동 600-2,37.18640225,127.041321,세교1단지 잔다리마을 정문 맞은편,세교안전센터,Y,Y,2012,1,3,100,오산소방서,031-8059-7413,2021-04-12
"세교84호",1,경기도,오산시,41370,,경기도 오산시 세교동 599-3,37.185956,127.043288,세마역 공영주차장 건너편,세교안전센터,Y,Y,2012,1,3,100,오산소방서,031-8059-7413,2021-04-12
"세교85호",1,경기도,오산시,41370,,경기도 오산시 세교동 601-1,37.184979,127.042192,세교1단지 건너편 삼거리,세교안전센터,Y,Y,2012,1,3,100,오산소방서,031-8059-7413,2021-04-12
"세교86호",1,경기도,오산시,41370,,경기도 오산시 세교동 601-9,37.184351,127.042388,휴먼시아 102동 맞은편 삼거리,세교안전센터,Y,Y,2012,1,3,100,오산소방서,031-8059-7413,2021-04-12
"세교87호",1,경기도,오산시,41370,,경기도 오산시 세교동 602-4,37.184982,127.044199,놀이터 삼거리 근처,세교안전센터,Y,Y,2012,1,3,100,오산소방서,031-8059-7413,2021-04-12
"세교88호",1,경기도,오산시,41370,경기도 오산시 세마역로19번길 40,경기도 오산시 세교동 606-1,37.183993,127.043157,세마교회 앞,세교안전센터,Y,Y,2012,1,3,100,오산소방서,031-8059-7413,2021-04-12
"세교89호",1,경기도,오산시,41370,경기도 오산시 세마역로41번길 5,경기도 오산시 세교동 609-2,37.1836619,127.044344,힐링문화센터 앞,세교안전센터,Y,Y,2012,1,3,100,오산소방서,031-8059-7413,2021-04-12
"세교90호",1,경기도,오산시,41370,,경기도 오산시 세교동 631-15,37.181537,127.044916,꿈두레도서관 부근,세교안전센터,Y,Y,2012,1,3,100,오산소방서,031-8059-7413,2021-04-12
"세교91호",1,경기도,오산시,41370,경기도 오산시 세마역로19번길 33,경기도 오산시 세교동 611-2,37.183479,127.0429419,휴먼시아 202동 맞은편,세교안전센터,Y,Y,2012,1,3,100,오산소방서,031-8059-7413,2021-04-12
"세교92호",1,경기도,오산시,41370,,경기도 오산시 세교동 616-10,37.181648,127.043044,세마중 삼거리,세교안전센터,Y,Y,2012,1,6,100,오산소방서,031-8059-7413,2021-04-12
"세교93호",1,경기도,오산시,41370,경기도 오산시 세마역로 5,경기도 오산시 세교동 617-2,37.180658,127.043708,세교파출소 입구,세교안전센터,Y,Y,2011,1,6,100,오산소방서,031-8059-7413,2021-04-12
"세교94호",1,경기도,오산시,41370,,경기도 오산시 세교동 622-4,37.183272,127.041444,"201동,102동 사이",세교안전센터,Y,Y,2012,1,6,100,오산소방서,031-8059-7413,2021-04-12
"세교95호",1,경기도,오산시,41370,,경기도 오산시 세교동 623-1,37.183134,127.040435,세교2단지 광성초교 앞,세교안전센터,Y,Y,2012,1,6,100,오산소방서,031-8059-7413,2021-04-12
"세교96호",1,경기도,오산시,41370,,경기도 오산시 세교동 628,37.187009,127.039411,세마동주민센터 부근 원일중기 앞,세교안전센터,Y,Y,2012,1,6,100,오산소방서,031-8059-7413,2021-04-12
"세교97호",1,경기도,오산시,41370,,경기도 오산시 세교동 629-2,37.181359,127.041991,세마중학교 정문옆,세교안전센터,Y,Y,2012,1,6,100,오산소방서,031-8059-7413,2021-04-12
"세교98호",1,경기도,오산시,41370,경기도 오산시 세마역로19번길 26-7,경기도 오산시 세교동 610-2,37.183096,127.0438804,cu 앞,세교안전센터,Y,Y,2012,1,6,100,오산소방서,031-8059-7413,2021-04-12
"세교99호",1,경기도,오산시,41370,,경기도 오산시 세교동 88-1,37.190471,127.038773,장수촌 식당 앞,세교안전센터,Y,Y,1999,1,6,100,오산소방서,031-8059-7413,2021-04-12
"세교100호",1,경기도,오산시,41370,경기도 오산시 수청로 30-13,경기도 오산시 수청동 558-6,37.172639,127.0594933,우미아파트 정문 맞은편 마이다스프라자 앞,세교안전센터,Y,Y,1998,1,6,100,오산소방서,031-8059-7413,2021-04-12
"세교101호",1,경기도,오산시,41370,경기도 오산시 수청로 11-5,경기도 오산시 수청동 568-1,37.170898,127.058173,우미아파트 110동 뒤편 도로,세교안전센터,Y,Y,1998,1,6,100,오산소방서,031-8059-7413,2021-04-12
"세교102호",1,경기도,오산시,41370,,경기도 오산시 수청동 2-12,37.168328,127.070203,매홀중학교 좌측 인도,세교안전센터,Y,Y,2012,1,5,100,오산소방서,031-8059-7413,2021-04-12
"세교106호",1,경기도,오산시,41370,,경기도 오산시 내삼미동 895-2,37.175223,127.061123,세교자이 113동앞 사거리,세교안전센터,Y,Y,2012,1,5,100,오산소방서,031-8059-7413,2021-04-12
"세교156호",1,경기도,오산시,41370,경기도 오산시 문헌공로 71,경기도 오산시 내삼미동 466-5,37.178043,127.056992,삼천리자전거 앞,세교안전센터,Y,Y,2011,1,5,100,오산소방서,031-8059-7413,2021-04-12
"세교103호",1,경기도,오산시,41370,경기도 오산시 박동길 20-9,경기도 오산시 수청동 산 43-5,37.166763,127.069888,가수주공@ 108동 뒤 빌라골목,세교안전센터,Y,Y,1999,1,4,100,오산소방서,031-8059-7413,2021-04-12
"세교104호",1,경기도,오산시,41370,,경기도 오산시 수청동 614-5,37.171391,127.061889,명성위드스타 오피스텔 뒤편,세교안전센터,Y,Y,2012,1,3.8,100,오산소방서,031-8059-7413,2021-04-12
"세교105호",1,경기도,오산시,41370,,경기도 오산시 수청동 614-1,37.172289,127.061529,w타워건물 뒤쪽 50m,세교안전센터,Y,Y,2012,1,3.8,100,오산소방서,031-8059-7413,2021-04-12
"세교107호",1,경기도,오산시,41370,,경기도 오산시 수청동 614-1,37.172127,127.060354,W타워건물 앞 삼거리,세교안전센터,Y,Y,2012,1,3.8,100,오산소방서,031-8059-7413,2021-04-12
"세교108호",1,경기도,오산시,41370,경기도 오산시 청학로 222,경기도 오산시 수청동 611-4,37.168311,127.062024,물향기시티오피스텔 앞,세교안전센터,Y,Y,2012,1,3.8,100,오산소방서,031-8059-7413,2021-04-12
"세교109호",1,경기도,오산시,41370,경기도 오산시 내삼미로 3,경기도 오산시 수청동 73-2,37.162975,127.067807,"금성공업사 입구 방향, 수청동우편취급국 앞",세교안전센터,Y,Y,1998,1,3.8,100,오산소방서,031-8059-7413,2021-04-12
"세교110호",1,경기도,오산시,41370,,경기도 오산시 수청동 613-1,37.172506,127.060193,세마성당 앞,세교안전센터,Y,Y,2012,1,1.8,100,오산소방서,031-8059-7413,2021-04-12
"세교111호",1,경기도,오산시,41370,경기도 오산시 청학로 173,경기도 오산시 수청동 514-2,37.164376,127.063845,수청농협 앞,세교안전센터,Y,Y,1999,1,3,100,오산소방서,031-8059-7413,2021-04-12
"세교112호",1,경기도,오산시,41370,경기도 오산시 청학로 147번길 45,경기도 오산시 수청동 532,37.163634,127.060611,공덕빌라 103동 GS편의점 앞,세교안전센터,Y,Y,1999,1,3,100,오산소방서,031-8059-7413,2021-04-12
"세교113호",1,경기도,오산시,41370,,경기도 오산시 수청동 526,37.163976,127.058956,선불사 입구,세교안전센터,Y,Y,2020,1,3,100,오산소방서,031-8059-7413,2021-04-12
"세교114호",1,경기도,오산시,41370,경기도 오산시 매홀로 71,경기도 오산시 수청동 533,37.1638158,127.062247,신협 앞,세교안전센터,Y,Y,1998,1,1.8,100,오산소방서,031-8059-7413,2021-04-12
"세교115호",1,경기도,오산시,41370,,경기도 오산시 수청동 533,37.161905,127.063038,매홀초등학교 정문우측담 밑,세교안전센터,Y,Y,1999,1,3,100,오산소방서,031-8059-7413,2021-04-12
"세교116호",1,경기도,오산시,41370,,경기도 오산시 수청동 579,37.171953,127.058647,매홀어린이집 앞,세교안전센터,Y,Y,1998,1,3,100,오산소방서,031-8059-7413,2021-04-12
"세교117호",1,경기도,오산시,41370,경기도 오산시 수청로8번길 16,경기도 오산시 수청동 564-6,37.170418,127.060446,홈플러스 맞은편 서북종합건설 뒷편,세교안전센터,Y,Y,1998,1,3,100,오산소방서,031-8059-7413,2021-04-12
"세교118호",1,경기도,오산시,41370,,경기도 오산시 수청동 604,37.170025,127.057313,수청초등학교 정문우측,세교안전센터,Y,Y,2011,1,3.8,100,오산소방서,031-8059-7413,2021-04-12
"세교119호",1,경기도,오산시,41370,,경기도 오산시 수청동 582,37.169921,127.054585,수청초등학교 정문 오른쪽,세교안전센터,Y,Y,2012,1,3.8,100,오산소방서,031-8059-7413,2021-04-12
"세교120호",1,경기도,오산시,41370,,경기도 오산시 수청동 604,37.170064,127.058106,수청초 왼쪽50M(해장국 반대편),세교안전센터,Y,Y,2011,1,3.8,100,오산소방서,031-8059-7413,2021-04-12
"세교121호",1,경기도,오산시,41370,,경기도 오산시 수청동 605-6,37.169067,127.057299,물향기 마트 뒷편  청솔건물 앞,세교안전센터,Y,Y,2012,1,3.8,100,오산소방서,031-8059-7413,2021-04-12
"세교122호",1,경기도,오산시,41370,,경기도 오산시 수청동 605-7,37.169226,127.059185,물향기마트앞도로,세교안전센터,Y,Y,2012,1,3.8,100,오산소방서,031-8059-7413,2021-04-12
"세교123호",1,경기도,오산시,41370,경기도 오산시 오산대역로132번길 24-1,경기도 오산시수청동 595-15,37.168787,127.058396,수청동595-14 복행복건물 우측20m,세교안전센터,Y,Y,2012,1,3.8,100,오산소방서,031-8059-7413,2021-04-12
"세교124호",1,경기도,오산시,41370,경기도 오산시 오산대역로 132번길 40,경기도 오산시 수청동 601-6,37.169408,127.060014,행복한 집 앞,세교안전센터,Y,Y,2012,1,3.8,100,오산소방서,031-8059-7413,2021-04-12
"세교125호",1,경기도,오산시,41370,,경기도 오산시 수청동 603,37.171786,127.052237,역사공원 맞은편 주공13단지 버스정류장앞,세교안전센터,Y,N,2000,1,3.8,100,오산소방서,031-8059-7413,2021-04-12
"세교126호",1,경기도,오산시,41370,,경기도 오산시 수청동 613-1,37.170645,127.060887,탑 부동산 앞,세교안전센터,Y,Y,2012,1,3.8,100,오산소방서,031-8059-7413,2021-04-12
"세교127호",1,경기도,오산시,41370,경기도 오산시 경기대로 497,경기도 오산시 수청동 616-4,37.167099,127.064425,오산대역충전소앞 인도,세교안전센터,Y,Y,2012,1,3.8,100,오산소방서,031-8059-7413,2021-04-12
"세교128호",1,경기도,오산시,41370,,경기도 오산시 수청동 639,37.169508,127.066324,오산시 통합운영센터 맞은편(사거리 신호등 앞),세교안전센터,Y,Y,2012,1,3.8,100,오산소방서,031-8059-7413,2021-04-12
"세교129호",1,경기도,오산시,41370,,경기도 오산시 수청동 640-2,37.169579,127.064694,로데오 테라스 건물 앞,세교안전센터,Y,Y,2012,1,3.8,100,오산소방서,031-8059-7413,2021-04-12
"세교130호",1,경기도,오산시,41370,경기도 오산시 내삼미로79번길 46,경기도 오산시 수청동 619-1,37.170567,127.065444,할리스커피 앞,세교안전센터,Y,Y,2019,1,3.8,100,오산소방서,031-8059-7413,2021-04-12
"세교131호",1,경기도,오산시,41370,,경기도 오산시 수청동 639,37.168347,127.066608,오산대역더샵센트럴시티 상가 건물 앞,세교안전센터,Y,Y,2012,1,6,100,오산소방서,031-8059-7413,2021-04-12
"세교132호",1,경기도,오산시,41370,경기도 오산시 현충로 5-8,경기도 오산시 수청동 69-37,37.163842,127.069216,수청노인정 부지내,세교안전센터,Y,Y,1998,1,6,100,오산소방서,031-8059-7413,2021-04-12
"세교133호",1,경기도,오산시,41370,,경기도 오산시 수청동 622-2,37.165745,127.064904,오산대역더샵센트럴시티 앞,세교안전센터,Y,Y,2012,1,6,100,오산소방서,031-8059-7413,2021-04-12
"세교134호",1,경기도,오산시,41370,,경기도 오산시 외삼미동 618-1,37.189843,127.048089,세마대사거리 도원우드 부근,세교안전센터,Y,Y,2012,1,6,100,오산소방서,031-8059-7413,2021-04-12
"세교135호",1,경기도,오산시,41370,,경기도 오산시 외삼미동 619-1,37.189128,127.047562,세마대사거리 부근,세교안전센터,Y,N,2012,1,5,100,오산소방서,031-8059-7413,2021-04-12
"세교136호",1,경기도,오산시,41370,경기도 오산시 유엔평화로 53,경기도 오산시 외삼미동 620-2,37.189047,127.048278,세마사거리 도원우드 뒤편,세교안전센터,Y,Y,2012,1,5,100,오산소방서,031-8059-7413,2021-04-12
"세교137호",1,경기도,오산시,41370,경기도 오산시 유엔평화로19번길 42,경기도 오산시 외삼미동 622-1,37.188327,127.047497,세마대사거리 부근,세교안전센터,Y,Y,2012,1,3,100,오산소방서,031-8059-7413,2021-04-12
"세교138호",1,경기도,오산시,41370,경기도 오산시 유엔평화로 41,경기도 오산시 외삼미동 623-4,37.188075,127.048187,유엔기념비 부근 타운하우스 부근,세교안전센터,Y,Y,2012,1,3,100,오산소방서,031-8059-7413,2021-04-12
"세교139호",1,경기도,오산시,41370,경기도 오산시 유엔평화로19번길 28,경기도 오산시 외삼미동 626-1,37.187251,127.047807,세마대사거리 부근,세교안전센터,Y,Y,2012,1,3,100,오산소방서,031-8059-7413,2021-04-12
"세교140호",1,경기도,오산시,41370,,경기도 오산시 외삼미동 628-1,37.186054,127.047978,세마대사거리 부근,세교안전센터,Y,Y,2012,1,3,100,오산소방서,031-8059-7413,2021-04-12
"세교141호",1,경기도,오산시,41370,경기도 오산시 유엔평화로19번길 4-10,경기도 오산시 외삼미동 629-1,37.186644,127.048515,유엔기념비 옆 타운하우스 단지,세교안전센터,Y,Y,2012,1,3,100,오산소방서,031-8059-7413,2021-04-12
"세교142호",1,경기도,오산시,41370,경기도 오산시 유엔평화로16번길 21,경기도 오산시 외삼미동 631-4,37.186997,127.049642,유엔기념비 옆 타운하우스 단지,세교안전센터,Y,Y,2012,1,3,100,오산소방서,031-8059-7413,2021-04-12
"세교143호",1,경기도,오산시,41370,,경기도 오산시 외삼미동 633-1,37.186295,127.050022,유엔기념비 옆 타운하우스 단지,세교안전센터,Y,Y,2012,1,3,100,오산소방서,031-8059-7413,2021-04-12
"세교144호",1,경기도,오산시,41370,,경기도 오산시 외삼미동 633-7,37.185905,127.049734,세마지하보도 입구 좌측 건너편,세교안전센터,Y,Y,2012,1,3,100,오산소방서,031-8059-7413,2021-04-12
"세교145호",1,경기도,오산시,41370,,경기도 오산시 외삼미동 639-1,37.185868,127.048911,세마지하보도 입구 우측,세교안전센터,Y,Y,2012,1,3,100,오산소방서,031-8059-7413,2021-04-12
"세교146호",1,경기도,오산시,41370,,경기도 오산시 외삼미동 639-15,37.186425,127.049448,삼거리 앞,세교안전센터,Y,Y,2012,1,5,100,오산소방서,031-8059-7413,2021-04-12
"세교147호",1,경기도,오산시,41370,경기도 오산시 문시로 32,경기도 오산시 외삼미동 산 56-1,37.189369,127.049759,외삼미동 615-50 컨테이너 앞,세교안전센터,Y,Y,1997,1,5,100,오산소방서,031-8059-7413,2021-04-12
"세교148호",1,경기도,오산시,41370,경기도 오산시 외삼미로 90,경기도 오산시 외삼미동 74-9,37.193667,127.060111,부광전기 옆,세교안전센터,Y,Y,2019,1,6,100,오산소방서,031-8059-7413,2021-04-12
"세교149호",1,경기도,오산시,41370,,경기도 오산시 은계동 41-4,37.160958,127.071999,은계주공1차 106동 CU옆,세교안전센터,Y,Y,2012,1,6,100,오산소방서,031-8059-7413,2021-04-12
"세교150호",1,경기도,오산시,41370,,경기도 오산시 은계동 30-10,37.160772,127.074786,현대@1차 정문우측,세교안전센터,Y,Y,2012,1,6,100,오산소방서,031-8059-7413,2021-04-12
"세교151호",1,경기도,오산시,41370,,경기도 오산시 은계동 110-29,37.161305,127.069536,영산아파트 정문에서 우측 25M(에코하우스 옆),세교안전센터,Y,Y,2012,1,6,100,오산소방서,031-8059-7413,2021-04-12
"세교152호",1,경기도,오산시,41370,경기도 오산시 경기대로398-5,경기도 오산시 은계동 70-1,37.159749,127.070406,은계주공 정문사거리(스카이노래방앞,세교안전센터,Y,Y,2012,1,3.8,100,오산소방서,031-8059-7413,2021-04-12
"세교153호",1,경기도,오산시,41370,경기도 오산시 경기대로416번길 39,경기도 오산시 은계동 61-8,37.161849,127.071521,선경하이츠 부근,세교안전센터,Y,Y,2020,1,3.8,100,오산소방서,031-8059-7413,2021-04-12
"세교154호",1,경기도,오산시,41370,,경기도 오산시 가장동 6-14,37.164194,127.042088,승우정신요양원 앞 부근,세교안전센터,Y,Y,2020,1,3.8,100,오산소방서,031-8059-7413,2021-04-12
"세교155호",1,경기도,오산시,41370,,경기도 오산시 가장동 370-3,37.157307,127.047199,세원화성입구 삼거리,세교안전센터,Y,Y,2012,1,3.8,100,오산소방서,031-8059-7413,2021-04-12
"원동01호",1,경기도,오산시,41370,경기도 오산시 운암로 90,경기도 오산시 부산동 779-1,37.15362643,127.0782176,임시폐전,원동안전센터,Y,N,2001,1,3.2,65,오산소방서,031-8059-7413,2021-04-12
"원동02호",1,경기도,오산시,41370,,경기도 오산시 부산동 779-3,37.153851,127.080374,임시폐전,원동안전센터,Y,N,2001,1,4,65,오산소방서,031-8059-7413,2021-04-12
"원동03호",1,경기도,오산시,41370,경기도 오산시 운암로 116,경기도 오산시 부산동 778-4,37.155321,127.080005,운암고등학교 앞,원동안전센터,Y,Y,1999,1,3.5,100,오산소방서,031-8059-7413,2021-04-12
"원동04호",1,경기도,오산시,41370,경기도 오산시 운암로 122,경기도 오산시 부산동 778-1,37.158841,127.081284,운암1단지 115동 앞,원동안전센터,Y,Y,2001,1,4,65,오산소방서,031-8059-7413,2021-04-12
"원동05호",1,경기도,오산시,41370,,경기도 오산시 부산동 778-1,37.15689792,127.0794056,임시폐전,원동안전센터,Y,N,2001,1,4,65,오산소방서,031-8059-7413,2021-04-12
"원동06호",1,경기도,오산시,41370,,경기도 오산시 부산동 778-6,37.156644,127.081713,임시폐전,원동안전센터,Y,N,2001,1,4,65,오산소방서,031-8059-7413,2021-04-12
"원동07호",1,경기도,오산시,41370,,경기도 오산시 부산동 774-6,37.158599,127.092264,삼대설렁탕 건너편,원동안전센터,Y,Y,2007,1,4,65,오산소방서,031-8059-7413,2021-04-12
"원동08호",1,경기도,오산시,41370,,경기도 오산시 부산동 790,37.155703,127.092252,롯데인재개발원 앞,원동안전센터,Y,Y,2012,1,4,100,오산소방서,031-8059-7413,2021-04-12
"원동09호",1,경기도,오산시,41370,,경기도 오산시 부산동 55-1,37.153421,127.092399,장원빌라 앞,원동안전센터,Y,Y,1999,1,4,100,오산소방서,031-8059-7413,2021-04-12
"원동10호",1,경기도,오산시,41370,,경기도 오산시 부산동 806,37.152431,127.091619,시립시티어린이집 앞,원동안전센터,Y,Y,2012,1,4,65,오산소방서,031-8059-7413,2021-04-12
"원동11호",1,경기도,오산시,41370,경기도 오산시 동부대로568번길 62-24,경기도 오산시 부산동 570-1,37.150725,127.087526,대성빌라 앞,원동안전센터,Y,Y,2012,1,4,65,오산소방서,031-8059-7413,2021-04-12
"원동12호",1,경기도,오산시,41370,,경기도 오산시 부산동 798,37.151292,127.088496,부산동 노인정 앞,원동안전센터,Y,Y,2012,1,4,65,오산소방서,031-8059-7413,2021-04-12
"원동13호",1,경기도,오산시,41370,,경기도 오산시 부산동 394-3,37.152841,127.082301,오산경찰서 앞,원동안전센터,Y,Y,1999,1,3.5,100,오산소방서,031-8059-7413,2021-04-12
"원동14호",1,경기도,오산시,41370,,경기도 오산시 원동 161-2,37.146286,127.078497,임시폐전,원동안전센터,N,N,2001,0.5,4,65,오산소방서,031-8059-7413,2021-04-12
"원동15호",1,경기도,오산시,41370,,경기도 오산시 원동 815-8,37.144791,127.078014,운암6단지 605동 앞,원동안전센터,Y,Y,2011,1,4,65,오산소방서,031-8059-7413,2021-04-12
"원동16호",1,경기도,오산시,41370,경기도 오산시 운천로 16-22,경기도 오산시 원동 815-4,37.143457,127.078046,운암6단지 603동 앞,원동안전센터,Y,Y,2001,1,3.5,65,오산소방서,031-8059-7413,2021-04-12
"원동17호",1,경기도,오산시,41370,경기도 오산시 동부대로 441,경기도 오산시 원동 567,37.141767,127.077779,벽산빌라 앞,원동안전센터,Y,Y,1999,0.5,4,100,오산소방서,031-8059-7413,2021-04-12
"원동18호",1,경기도,오산시,41370,경기도 오산시 동부대로437번길 3,경기도 오산시 원동 552-48,37.141185,127.077839,우남주택 앞,원동안전센터,Y,Y,2001,0.4,4.1,65,오산소방서,031-8059-7413,2021-04-12
"원동19호",1,경기도,오산시,41370,경기도 오산시 동부대로436번길 40,경기도 오산시 원동 607-1,37.139999,127.0820026,성호중학교 앞,원동안전센터,Y,Y,2008,1.2,4.2,100,오산소방서,031-8059-7413,2021-04-12
"원동20호",1,경기도,오산시,41370,,경기도 오산시 원동 707-15,37.140741,127.086519,수자인봄누리어린이집 옆,원동안전센터,Y,Y,2008,1.2,4.1,100,오산소방서,031-8059-7413,2021-04-12
"원동21호",1,경기도,오산시,41370,,경기도 오산시 원동 30-18,37.142891,127.086849,기린꼬마어린이집 앞,원동안전센터,Y,Y,2008,0.5,4,100,오산소방서,031-8059-7413,2021-04-12
"원동22호",1,경기도,오산시,41370,,경기도 오산시 원동 77-7,37.145221,127.084748,성문교회 옆,원동안전센터,Y,Y,2011,0.8,4,100,오산소방서,031-8059-7413,2021-04-12
"원동23호",1,경기도,오산시,41370,,경기도 오산시 원동 60-8,37.145294,127.086995,원동 60-8 오거리,원동안전센터,Y,Y,2001,1.2,4.1,65,오산소방서,031-8059-7413,2021-04-12
"원동24호",1,경기도,오산시,41370,경기도 오산시 대원로39번길 22-17,경기도 오산시 원동 754-42,37.147614,127.073555,업스테이트 앞,원동안전센터,Y,Y,2005,0.5,4,100,오산소방서,031-8059-7413,2021-04-12
"원동25호",1,경기도,오산시,41370,경기도 오산시 오산로232번길 15,경기도 오산시 원동 751-56,37.147635,127.070288,U2 앞,원동안전센터,Y,Y,2001,0.5,4,100,오산소방서,031-8059-7413,2021-04-12
"원동26호",1,경기도,오산시,41370,경기도 오산시 대원로39번길 7,경기도 오산시 원동 759-10,37.146938,127.072495,금성주택 앞,원동안전센터,Y,Y,2003,0.7,3,65,오산소방서,031-8059-7413,2021-04-12
"원동27호",1,경기도,오산시,41370,경기도 오산시 대원로 35,경기도 오산시 원동 758-13,37.146385,127.072176,태호빌딩 앞,원동안전센터,Y,Y,1999,1,3,65,오산소방서,031-8059-7413,2021-04-12
"원동28호",1,경기도,오산시,41370,경기도 오산시 오산로212번길 16,경기도 오산시 원동 770-1,37.145672,127.070167,세븐일레븐 앞,원동안전센터,Y,Y,2005,0.3,6,100,오산소방서,031-8059-7413,2021-04-12
"원동29호",1,경기도,오산시,41370,경기도 오산시 원동로7번길 33-2,경기도 오산시 원동 777-7,37.145176,127.069223,어썸제이 앞,원동안전센터,Y,Y,1998,0.4,5,100,오산소방서,031-8059-7413,2021-04-12
"원동30호",1,경기도,오산시,41370,경기도 오산시 오산로 200,경기도 오산시 원동 777-15,37.144544,127.068563,새오산신협 앞,원동안전센터,Y,Y,2007,0.4,5,100,오산소방서,031-8059-7413,2021-04-12
"원동31호",1,경기도,오산시,41370,경기도 오산시 오산로 198번길 13,경기도 오산시 원동 775-14,37.144544,127.070072,모텔 황실 앞,원동안전센터,Y,Y,1991,0.7,3,100,오산소방서,031-8059-7413,2021-04-12
"원동32호",1,경기도,오산시,41370,경기도 오산시 원동로37번길 30,경기도 오산시 원동 770-14,37.144972,127.071329,비비피아건물 앞,원동안전센터,Y,Y,2000,0.5,4,65,오산소방서,031-8059-7413,2021-04-12
"원동33호",1,경기도,오산시,41370,경기도 오산시 오산로198번길 45,경기도 오산시 원동 765-25,37.145089,127.073391,CU편의점 옆,원동안전센터,Y,Y,1999,1.2,3,65,오산소방서,031-8059-7413,2021-04-12
"원동34호",1,경기도,오산시,41370,경기도 오산시 오산로190번길 17,경기도 오산시 원동 774-17,37.143802,127.070486,CU편의점 앞,원동안전센터,Y,Y,2020,0.5,5,100,오산소방서,031-8059-7413,2021-04-12
"원동35호",1,경기도,오산시,41370,경기도 오산시 원동로37번길 18,경기도 오산시 원동 788-1,37.143981,127.071849,광미앤스튜디오 앞,원동안전센터,Y,Y,2002,1.2,5,65,오산소방서,031-8059-7413,2021-04-12
"원동36호",1,경기도,오산시,41370,경기도 오산시 오산로 19,경기도 오산시 원동 768-14,37.143996,127.073316,쌍용자동차영업소,원동안전센터,Y,Y,2000,0.5,4,65,오산소방서,031-8059-7413,2021-04-12
"원동37호",1,경기도,오산시,41370,경기도 오산시 오산로 176,경기도 오산시 원동 780-1,37.142646,127.068669,노루페인트,원동안전센터,Y,Y,2016,0.5,6,100,오산소방서,031-8059-7413,2021-04-12
"원동38호",1,경기도,오산시,41370,,경기도 오산시 원동 797,37.142885,127.070616,경일연립 앞,원동안전센터,Y,Y,1991,0.3,3.5,100,오산소방서,031-8059-7413,2021-04-12
"원동39호",1,경기도,오산시,41370,경기도 오산시 원동로 37,경기도 오산시 원동 787-13,37.142644,127.072903,명인타워 앞,원동안전센터,Y,Y,2008,0.8,4,100,오산소방서,031-8059-7413,2021-04-12
"원동40호",1,경기도,오산시,41370,경기도 오산시 경기대로 209,경기도 오산시 원동 789-16,37.143271,127.073372,서울어린이병원 앞,원동안전센터,Y,Y,2013,1.5,3.8,65,오산소방서,031-8059-7413,2021-04-12
"원동41호",1,경기도,오산시,41370,경기도 오산시 원동로 50,경기도 오산시 원동 299-41,37.142645,127.074328,무봉리토종순대 앞,원동안전센터,Y,Y,2009,0.5,4.5,65,오산소방서,031-8059-7413,2021-04-12
"원동42호",1,경기도,오산시,41370,,경기도 오산시 원동 729-7,37.143107,127.074195,경기동물메디컬센터 앞,원동안전센터,Y,Y,2001,0.3,4.5,65,오산소방서,031-8059-7413,2021-04-12
"원동43호",1,경기도,오산시,41370,경기도 오산시 운천로 19,경기도 오산시 원동 282-1,37.144526,127.074277,롯데하이마트 부근,원동안전센터,Y,Y,2001,1,4.5,100,오산소방서,031-8059-7413,2021-04-12
"원동44호",1,경기도,오산시,41370,경기도 오산시 대원로 51,경기도 오산시 원동 215,37.146393,127.074307,청해수산 앞,원동안전센터,Y,Y,2001,1.2,4.2,65,오산소방서,031-8059-7413,2021-04-12
"원동45호",1,경기도,오산시,41370,경기도 오산시 운천로 62,경기도 오산시 원동 811-2,37.14801021,127.074996,공영주차장 정문 앞,원동안전센터,Y,Y,2001,1,4.2,100,오산소방서,031-8059-7413,2021-04-12
"원동46호",1,경기도,오산시,41370,경기도 오산시 대원로 72,경기도 오산시 원동 815-9,37.146205,127.076294,운암주공프라자 앞,원동안전센터,Y,Y,2001,1.2,4.5,65,오산소방서,031-8059-7413,2021-04-12
"원동47호",1,경기도,오산시,41370,경기도 오산시 밀머리로21번길 1,경기도 오산시 원동 558-7,37.139995,127.074663,별밤포차 앞,원동안전센터,Y,Y,1999,0.5,3.5,100,오산소방서,031-8059-7413,2021-04-12
"원동48호",1,경기도,오산시,41370,경기도 오산시 밀머리로 45,경기도 오산시 원동 380-1,37.137986,127.075316,동진빌딩 앞,원동안전센터,Y,Y,2009,0.5,3.6,100,오산소방서,031-8059-7413,2021-04-12
"원동49호",1,경기도,오산시,41370,,경기도 오산시 원동 542-5,37.136587,127.078066,신세계푸드 앞,원동안전센터,Y,Y,2002,0.4,3.6,65,오산소방서,031-8059-7413,2021-04-12
"원동50호",1,경기도,오산시,41370,,경기도 오산시 원동 535-4,37.136668,127.080004,육풍 앞,원동안전센터,Y,Y,2009,0.5,3,100,오산소방서,031-8059-7413,2021-04-12
"원동51호",1,경기도,오산시,41370,경기도 오산시 남부대로441번길 24-6,경기도 오산시 고현동 73-1,37.135652,127.084592,이림유치원 앞,원동안전센터,Y,Y,1997,1.2,4,100,오산소방서,031-8059-7413,2021-04-12
"원동52호",1,경기도,오산시,41370,,경기도 오산시 고현동 108-9,37.132455,127.085804,고현초등학교,원동안전센터,Y,Y,2009,1,4.2,100,오산소방서,031-8059-7413,2021-04-12
"원동53호",1,경기도,오산시,41370,,경기도 오산시 고현동 142-3,37.130738,127.088447,대진통운 옆,원동안전센터,Y,Y,2003,1,4.3,100,오산소방서,031-8059-7413,2021-04-12
"원동54호",1,경기도,오산시,41370,,경기도 오산시 청호동 38,37.132414,127.083932,엘지사원아파트 입구,원동안전센터,Y,Y,2016,1,4.5,100,오산소방서,031-8059-7413,2021-04-12
"원동55호",1,경기도,오산시,41370,,경기도 오산시 청호동 74,37.129937,127.082221,청호동엘리시아아파트 입구,원동안전센터,Y,Y,2008,0.5,4,65,오산소방서,031-8059-7413,2021-04-12
"원동56호",1,경기도,오산시,41370,,경기도 오산시 갈곶동 345-19,37.130182,127.078375,화남빌딩 건너편,원동안전센터,Y,Y,2010,0.8,4,100,오산소방서,031-8059-7413,2021-04-12
"원동57호",1,경기도,오산시,41370,경기도 오산시 남부대로 374,경기도 오산시 원동 531-1,37.133961,127.076225,이화다이아몬드 앞,원동안전센터,Y,Y,1997,1.2,3.2,100,오산소방서,031-8059-7413,2021-04-12
"원동58호",1,경기도,오산시,41370,,경기도 오산시 원동 541-40,37.135188,127.077545,엔케이텍 옆,원동안전센터,Y,Y,2008,0.7,4.3,65,오산소방서,031-8059-7413,2021-04-12
"원동59호",1,경기도,오산시,41370,경기도 오산시 밀머리로 50,경기도 오산시 원동 544-1,37.137483,127.075756,BT덕성 골목 내부,원동안전센터,Y,Y,2009,0.5,4.5,65,오산소방서,031-8059-7413,2021-04-12
"원동60호",1,경기도,오산시,41370,경기도 오산시 경기대로 155,경기도 오산시 원동 360-17,37.138607,127.073105,E-1 주유소 건너편,원동안전센터,Y,Y,2008,1,4.7,100,오산소방서,031-8059-7413,2021-04-12
"원동61호",1,경기도,오산시,41370,경기도 오산시 남부대로 327,경기도 오산시 원동 447-5,37.135792,127.072014,청구아파트상가 앞,원동안전센터,Y,Y,1997,1,3.7,100,오산소방서,031-8059-7413,2021-04-12
"원동62호",1,경기도,오산시,41370,경기도 오산시 남부대로 313,경기도 오산시 원동 444-3,37.135784,127.070378,청구아파트후문앞,원동안전센터,Y,Y,1997,0.7,3.7,100,오산소방서,031-8059-7413,2021-04-12
"원동63호",1,경기도,오산시,41370,,경기도 오산시 갈곶동 700,37.134893,127.068908,원동초등학교 정문 건너편,원동안전센터,Y,Y,2008,0.5,3.2,100,오산소방서,031-8059-7413,2021-04-12
"원동64호",1,경기도,오산시,41370,경기도 오산시 오산로 70,경기도 오산시 갈곶동 126-21,37.133677,127.069896,CU편의점 옆,원동안전센터,Y,Y,1997,0.3,4,100,오산소방서,031-8059-7413,2021-04-12
"원동65호",1,경기도,오산시,41370,,경기도 오산시 원동 459-2,37.133062,127.069185,동부삼환아파트상가 앞,원동안전센터,Y,Y,1997,1,3.7,100,오산소방서,031-8059-7413,2021-04-12
"원동66호",1,경기도,오산시,41370,경기도 오산시 경기대로99,경기도 오산시 원동 807-1,37.133665,127.072066,원동119안전센터 건너편,원동안전센터,Y,Y,2013,0.5,3.7,100,오산소방서,031-8059-7413,2021-04-12
"원동67호",1,경기도,오산시,41370,경기도 오산시 경기대로99,경기도 오산시 원동 807-1,37.133789,127.071842,원동119안전센터,원동안전센터,Y,Y,2003,0.5,3.8,65,오산소방서,031-8059-7413,2021-04-12
"원동68호",1,경기도,오산시,41370,경기도 오산시 오산로 50,경기도 오산시 갈곶동 163-1,37.131249,127.068352,펀비어킹 앞,원동안전센터,Y,Y,2005,0.5,4,100,오산소방서,031-8059-7413,2021-04-12
"원동69호",1,경기도,오산시,41370,,경기도 오산시 갈곶동 270-22,37.130919,127.070453,우승주택 부근,원동안전센터,Y,Y,2008,0.4,4,100,오산소방서,031-8059-7413,2021-04-12
"원동70호",1,경기도,오산시,41370,경기도 오산시 경기대로 74,경기도 오산시 갈곶동 251,37.130619,127.072147,우림아파트 부근,원동안전센터,Y,Y,2001,0.5,4,100,오산소방서,031-8059-7413,2021-04-12
"원동71호",1,경기도,오산시,41370,경기도 오산시 오산로 23,경기도 오산시 갈곶동 180-1,37.128594,127.067086,남원추어탕건물 앞,원동안전센터,Y,Y,2005,1.1,4.5,100,오산소방서,031-8059-7413,2021-04-12
"원동73호",1,경기도,오산시,41370,,경기도 오산시 누읍동 13-3,37.141339,127.060401,한국수출포장 옆,원동안전센터,Y,Y,1999,1,4,100,오산소방서,031-8059-7413,2021-04-12
"원동74호",1,경기도,오산시,41370,,경기도 오산시 누읍동 94-2,37.138519,127.061097,드림포워드 물류센터 부근,원동안전센터,Y,Y,1999,1,4,100,오산소방서,031-8059-7413,2021-04-12
"원동75호",1,경기도,오산시,41370,,경기도 오산시 탑동 201-4,37.133411,127.048349,탑리아파트 부근,원동안전센터,Y,Y,1992,1,4,65,오산소방서,031-8059-7413,2021-04-12
"원동76호",1,경기도,오산시,41370,,경기도 오산시 벌음동 산 25-2,37.137515,127.036527,벌음삼거리 부근,원동안전센터,Y,Y,2010,1,4,100,오산소방서,031-8059-7413,2021-04-12
"원동77호",1,경기도,오산시,41370,,경기도 오산시 벌음동 179,37.139291,127.039275,임시폐전,원동안전센터,N,N,2010,0,0,100,오산소방서,031-8059-7413,2021-04-12
"원동78호",1,경기도,오산시,41370,경기도 오산시 누읍로 22,경기도 오산시 누읍동 456-6,37.141628,127.0500143,휴먼시아 101동 앞,원동안전센터,Y,Y,2011,1,5,100,오산소방서,031-8059-7413,2021-04-12
"원동79호",1,경기도,오산시,41370,경기도 오산시 누읍로 20,경기도 오산시 누읍동 621,37.141589,127.051628,휴먼시아 103동 앞,원동안전센터,Y,Y,2011,1,4,100,오산소방서,031-8059-7413,2021-04-12
"원동80호",1,경기도,오산시,41370,,경기도 오산시 누읍동 376-3,37.141696,127.052828,휴먼시아 104동 맞은편,원동안전센터,Y,Y,2011,1,6,100,오산소방서,031-8059-7413,2021-04-12
"원동81호",1,경기도,오산시,41370,,경기도 오산시 누읍동 633,37.141869,127.054569,누읍어린이공원 부근,원동안전센터,Y,Y,1999,1,3.5,100,오산소방서,031-8059-7413,2021-04-12
"원동82호",1,경기도,오산시,41370,,경기도 오산시 누읍동 52-11,37.142396,127.057151,DS파워 옆,원동안전센터,Y,Y,2012,1,4,100,오산소방서,031-8059-7413,2021-04-12
"원동83호",1,경기도,오산시,41370,경기도 오산시 황새로149번길 42,경기도 오산시 누읍동 45-10,37.140007,127.056836,누리산업 옆,원동안전센터,Y,Y,2012,1,3.7,100,오산소방서,031-8059-7413,2021-04-12
"원동84호",1,경기도,오산시,41370,,경기도 오산시 누읍동 43-2,37.142542,127.059255,현대테라타워 공사장 입구,원동안전센터,Y,Y,1999,1,4,100,오산소방서,031-8059-7413,2021-04-12
"원동85호",1,경기도,오산시,41370,경기도 오산시 수목원로49번길 6,경기도 오산시 누읍동 631-3,37.138584,127.054435,DS파워 앞 대로 건너편,원동안전센터,Y,Y,2011,1,3.5,100,오산소방서,031-8059-7413,2021-04-12
"원동86호",1,경기도,오산시,41370,경기도 오산시 수목원로49번길 25,경기도 오산시 누읍동 274-2,37.139282,127.052514,윤수빌딩 부근,원동안전센터,Y,Y,2012,1,4,100,오산소방서,031-8059-7413,2021-04-12
"원동87호",1,경기도,오산시,41370,경기도 오산시 수목원로49번길 22,경기도 오산시 누읍동 626-6,37.139409,127.052564,휴먼시아 107동 앞,원동안전센터,Y,Y,2011,1,6,100,오산소방서,031-8059-7413,2021-04-12
"원동88호",1,경기도,오산시,41370,경기도 오산시 눕새로 10,경기도 오산시 누읍동 628-1,37.140288,127.054017,뜰 카페 앞,원동안전센터,Y,Y,2011,1,4,100,오산소방서,031-8059-7413,2021-04-12
"원동89호",1,경기도,오산시,41370,,경기도 오산시 누읍동 634,37.140029,127.051035,휴먼시아 아파트 입구 부근,원동안전센터,Y,Y,2011,1,5,100,오산소방서,031-8059-7413,2021-04-12
"원동90호",1,경기도,오산시,41370,,경기도 오산시 누읍동 634,37.140209,127.050297,휴먼시아 112동 앞,원동안전센터,Y,Y,1999,1,4,100,오산소방서,031-8059-7413,2021-04-12
"원동91호",1,경기도,오산시,41370,경기도 오산시 누읍로 20,경기도 오산시 누읍동 621,37.140614,127.049305,휴먼시아 113동 앞,원동안전센터,Y,Y,2011,1,6,100,오산소방서,031-8059-7413,2021-04-12
"원동92호",1,경기도,오산시,41370,경기도 오산시 눕새로 1,경기도 오산시 누읍동 626-1,37.140455,127.052899,성북교회 앞,원동안전센터,Y,Y,1999,1,4,100,오산소방서,031-8059-7413,2021-04-12
"원동93호",1,경기도,오산시,41370,,경기도 오산시 벌음동 232-2,37.140503,127.043563,신동아아파트 입구 삼거리,원동안전센터,Y,Y,2011,1,4,100,오산소방서,031-8059-7413,2021-04-12
"청학1호",1,경기도,오산시,41370,경기도 오산시 발안로 1419-15,경기도 오산시 가수동 148,37.1458644,127.0502572,임시폐전,청학안전센터,Y,N,1998,1,6,100,오산소방서,031-8059-7413,2021-04-12
"청학2호",1,경기도,오산시,41370,경기도 오산시 가수로 16,경기도 오산시 가수동 78,37.1450572,127.0476974,임시폐전,청학안전센터,Y,N,1998,1,6,100,오산소방서,031-8059-7413,2021-04-12
"청학3호",1,경기도,오산시,41370,경기도 오산시 발안로 1419-15,경기도 오산시 가수동 106-1,37.1458644,127.0502572,임시폐전,청학안전센터,Y,N,1988,1,6,100,오산소방서,031-8059-7413,2021-04-12
"청학4호",1,경기도,오산시,41370,경기도 오산시 대호로 52,경기도 오산시 궐동 698-6,37.1559734,127.0542639,총각수산 앞,청학안전센터,Y,Y,1998,1,6,100,오산소방서,031-8059-7413,2021-04-12
"청학5호",1,경기도,오산시,41370,경기도 오산시 은여울로7번길 48,경기도 오산시 궐동 20-5,37.16088191,127.0663122,가나타일 앞,청학안전센터,Y,Y,1998,1,6,100,오산소방서,031-8059-7413,2021-04-12
"청학6호",1,경기도,오산시,41370,경기도 오산시 은여울로7번길 35-2,경기도 오산시 궐동 24-3,37.1600054,127.0658305,대우아파트 후문 앞,청학안전센터,Y,Y,1998,1,6,100,오산소방서,031-8059-7413,2021-04-12
"청학7호",1,경기도,오산시,41370,경기도 오산시 은여울로7번길 26,경기도 오산시 궐동 36-9,37.1588438,127.0661656,소망공인중개사 앞,청학안전센터,Y,Y,1999,1,6,100,오산소방서,031-8059-7413,2021-04-12
"청학8호",1,경기도,오산시,41370,경기도 오산시 오산로 356,경기도 오산시 궐동 43-18,37.158531,127.0648882,삼거리자전거 앞,청학안전센터,Y,Y,1998,1,6,100,오산소방서,031-8059-7413,2021-04-12
"청학9호",1,경기도,오산시,41370,경기도 오산시 대호로117번길 39,경기도 오산시 궐동 608-4,37.1636435,127.0510936,그린골프연습장 앞,청학안전센터,Y,Y,1997,1,6,100,오산소방서,031-8059-7413,2021-04-12
"청학10호",1,경기도,오산시,41370,경기도 오산시 대호로117번길 30,경기도 오산시 궐동 610-17,37.1622864,127.052498,썬하우스 맞은편,청학안전센터,Y,Y,2003,1,6,100,오산소방서,031-8059-7413,2021-04-12
"청학11호",1,경기도,오산시,41370,경기도 오산시 대호로117번길 19,경기도 오산시 궐동 614-2,37.1622864,127.0524988,P&B스크린골프존 뒤,청학안전센터,Y,Y,2003,1,6,100,오산소방서,031-8059-7413,2021-04-12
"청학12호",1,경기도,오산시,41370,경기도 오산시 대호로 143,경기도 오산시 궐동 611-2,37.1581625,127.0512654,카존워시 앞,청학안전센터,Y,Y,2003,1,6,100,오산소방서,031-8059-7413,2021-04-12
"청학13호",1,경기도,오산시,41370,경기도 오산시 대호로 131,경기도 오산시 궐동 612-1,37.1618804,127.0538955,대유프라자 앞,청학안전센터,Y,Y,2003,1,6,100,오산소방서,031-8059-7413,2021-04-12
"청학14호",1,경기도,오산시,41370,경기도 오산시 대호로 117번길 9,경기도 오산시 궐동 614-10,37.1622864,127.0524988,민준빌딩 앞,청학안전센터,Y,Y,1997,1,6,100,오산소방서,031-8059-7413,2021-04-12
"청학15호",1,경기도,오산시,41370,경기도 오산시 대호로 121,경기도 오산시 궐동 612-13,37.1581625,127.0512654,삼성프라자 앞,청학안전센터,Y,Y,2003,1,6,100,오산소방서,031-8059-7413,2021-04-12
"청학16호",1,경기도,오산시,41370,경기도 오산시 궐리사로29번길 14,경기도 오산시 궐동 618-1,37.1611904,127.0539986,크로바유통 앞,청학안전센터,Y,Y,2003,1,6,100,오산소방서,031-8059-7413,2021-04-12
"청학17호",1,경기도,오산시,41370,경기도 오산시 궐리사로 31,경기도 오산시 궐동 619-1,37.1603749,127.0539885,휴대폰11번가 앞,청학안전센터,Y,Y,1997,1,6,100,오산소방서,031-8059-7413,2021-04-12
"청학18호",1,경기도,오산시,41370,경기도 오산시 궐리사로 45,경기도 오산시 궐동 619-9,37.160032,127.0554046,프리틴사진관 앞,청학안전센터,Y,Y,1997,1,6,100,오산소방서,031-8059-7413,2021-04-12
"청학19호",1,경기도,오산시,41370,경기도 오산시 궐리사로 51,경기도 오산시 궐동 626-3,37.1597246,127.0560637,월드빌딩 앞,청학안전센터,Y,Y,1999,1,6,100,오산소방서,031-8059-7413,2021-04-12
"청학20호",1,경기도,오산시,41370,경기도 오산시 궐리사로 67,경기도 오산시 궐동 632-1,37.1589415,127.0577633,진로마트 앞,청학안전센터,Y,Y,1999,1,6,100,오산소방서,031-8059-7413,2021-04-12
"청학21호",1,경기도,오산시,41370,경기도 오산시 궐리사로 79,경기도 오산시 궐동 632-7,37.1585598,127.0587205,대호부동산 앞,청학안전센터,Y,Y,2003,1,6,100,오산소방서,031-8059-7413,2021-04-12
"청학22호",1,경기도,오산시,41370,경기도 오산시 궐리사로 89,경기도 오산시 궐동 637-4,37.1585588,127.0597315,퍼스트독 앞,청학안전센터,Y,Y,2003,1,6,100,오산소방서,031-8059-7413,2021-04-12
"청학23호",1,경기도,오산시,41370,경기도 오산시 청학로 105,경기도 오산시 궐동 640-10,37.1584833,127.0620427,오산버스폰 앞,청학안전센터,Y,Y,1999,1,6,100,오산소방서,031-8059-7413,2021-04-12
"청학24호",1,경기도,오산시,41370,경기도 오산시 궐리사로 101,경기도 오산시 궐동 640-4,37.1585486,127.0611727,뉴월드마트 앞,청학안전센터,Y,Y,2010,1,6,100,오산소방서,031-8059-7413,2021-04-12
"청학25호",1,경기도,오산시,41370,경기도 오산시 궐동로 93,경기도 오산시 궐동 645-5,37.1568242,127.0620113,황금빌딩 앞,청학안전센터,Y,Y,2009,1,6,100,오산소방서,031-8059-7413,2021-04-12
"청학26호",1,경기도,오산시,41370,경기도 오산시 궐동로 77,경기도 오산시 궐동 646-5,37.157009,127.0605387,차동가 앞,청학안전센터,Y,Y,2003,1,6,100,오산소방서,031-8059-7413,2021-04-12
"청학27호",1,경기도,오산시,41370,경기도 오산시 궐동로 57,경기도 오산시 궐동 647-1,37.1570979,127.0582241,마곱식당 앞,청학안전센터,Y,Y,2003,1,6,100,오산소방서,031-8059-7413,2021-04-12
"청학28호",1,경기도,오산시,41370,경기도 오산시 궐동로 67,경기도 오산시 궐동 647-6,37.1570729,127.0593986,허브공인중개사 앞,청학안전센터,Y,Y,2003,1,6,100,오산소방서,031-8059-7413,2021-04-12
"청학29호",1,경기도,오산시,41370,경기도 오산시 법원로 65,경기도 오산시 궐동 662,37.1588132,127.0561369,오산시법원 앞,청학안전센터,Y,Y,2019,1,6,100,오산소방서,031-8059-7413,2021-04-12
"청학30호",1,경기도,오산시,41370,경기도 오산시 궐동로69번길 98,경기도 오산시 궐동 657-2,37.1574801,127.056203,유경주택 뒤,청학안전센터,Y,Y,2003,1,6,100,오산소방서,031-8059-7413,2021-04-12
"청학31호",1,경기도,오산시,41370,경기도 오산시 궐동로 49,경기도 오산시 궐동 658-1,37.1571716,127.0572966,한잔할까밥먹을까 앞,청학안전센터,Y,Y,2003,1,6,100,오산소방서,031-8059-7413,2021-04-12
"청학32호",1,경기도,오산시,41370,경기도 오산시 법원로 57,경기도 오산시 궐동 664-1,37.1565145,127.0548939,청담공인중개사 앞,청학안전센터,Y,Y,2013,1,6,100,오산소방서,031-8059-7413,2021-04-12
"청학33호",1,경기도,오산시,41370,경기도 오산시 궐동로 29,경기도 오산시 궐동 665-4,37.1565145,127.0548939,구들짱황소곱창 앞,청학안전센터,Y,Y,2001,1,6,100,오산소방서,031-8059-7413,2021-04-12
"청학34호",1,경기도,오산시,41370,경기도 오산시 궐리사로 24,경기도 오산시 궐동 672-1,37.1600066,127.0530012,놀부부대찌개 맞은편,청학안전센터,Y,Y,2001,1,6,100,오산소방서,031-8059-7413,2021-04-12
"청학35호",1,경기도,오산시,41370,경기도 오산시 궐동로 9,경기도 오산시 궐동 676-1,37.1582771,127.0530813,GS편의점 앞,청학안전센터,Y,Y,2001,1,6,100,오산소방서,031-8059-7413,2021-04-12
"청학36호",1,경기도,오산시,41370,경기도 오산시 궐동로 17,경기도 오산시 궐동 736,37.1583115,127.0562738,예가빌라 앞,청학안전센터,Y,Y,2001,1,4,100,오산소방서,031-8059-7413,2021-04-12
"청학37호",1,경기도,오산시,41370,경기도 오산시 궐리사로 18,경기도 오산시 궐동 616-2,37.160246,127.054513,캐슬프라임 맞은편,청학안전센터,Y,Y,2001,1,4,100,오산소방서,031-8059-7413,2021-04-12
"청학38호",1,경기도,오산시,41370,경기도 오산시 대호로 103,경기도 오산시 궐동 682-1,37.159442,127.0539651,무봉리순대국집 앞,청학안전센터,Y,Y,2003,1,4,100,오산소방서,031-8059-7413,2021-04-12
"청학39호",1,경기도,오산시,41370,경기도 오산시 대호로 95-1,경기도 오산시 궐동 737,37.158737,127.054111,대한주택3차 앞,청학안전센터,Y,Y,2013,1,4,100,오산소방서,031-8059-7413,2021-04-12
"청학40호",1,경기도,오산시,41370,경기도 오산시 대호로71번길 33,경기도 오산시 궐동 684-4,37.158869,127.053213,AJ파크 주차장 입구 맞은편,청학안전센터,Y,Y,2003,1,4,100,오산소방서,031-8059-7413,2021-04-12
"청학41호",1,경기도,오산시,41370,경기도 오산시 대호로71번길 16,경기도 오산시 궐동 685-4,37.157045,127.053249,현대카셀프세차장 앞,청학안전센터,Y,Y,1999,1,4,100,오산소방서,031-8059-7413,2021-04-12
"청학42호",1,경기도,오산시,41370,경기도 오산시 대호로71번길 25,경기도 오산시 궐동 685-1,37.158097,127.053191,고래등 수산포차 앞,청학안전센터,Y,Y,1999,1,4,100,오산소방서,031-8059-7413,2021-04-12
"청학43호",1,경기도,오산시,41370,경기도 오산시 대호로 81-1,경기도 오산시 궐동 737,37.157557,127.054153,골드클래스 앞,청학안전센터,Y,Y,1999,1,4,100,오산소방서,031-8059-7413,2021-04-12
"청학44호",1,경기도,오산시,41370,경기도 오산시 대호로71번길 4,경기도 오산시 궐동 687-8,37.156747,127.054175,현대빌딩 앞,청학안전센터,Y,Y,1999,1,6,100,오산소방서,031-8059-7413,2021-04-12
"청학45호",1,경기도,오산시,41370,경기도 오산시 법원로 47,경기도 오산시 궐동 696-1,37.157429,127.057657,주성빌딩 앞,청학안전센터,Y,Y,2001,1,6,100,오산소방서,031-8059-7413,2021-04-12
"청학46호",1,경기도,오산시,41370,경기도 오산시 대호로 63,경기도 오산시 궐동 701-4,37.156265,127.055115,라이또PC방 앞,청학안전센터,Y,Y,2001,1,6,100,오산소방서,031-8059-7413,2021-04-12
"청학47호",1,경기도,오산시,41370,경기도 오산시 법원로15번길 36,경기도 오산시 궐동 703-2,37.156131,127.053247,하나정보통신 앞,청학안전센터,Y,Y,2000,1.5,6,100,오산소방서,031-8059-7413,2021-04-12
"청학48호",1,경기도,오산시,41370,경기도 오산시 법원로15번길 56,경기도 오산시 궐동 708-4,37.154875,127.054218,다모아빌딩 앞,청학안전센터,Y,Y,2002,1.5,6,100,오산소방서,031-8059-7413,2021-04-12
"청학49호",1,경기도,오산시,41370,경기도 오산시 법원로 5,경기도 오산시 궐동 709-5,37.15427824,127.055061,트윈빌Ⅱ 앞,청학안전센터,Y,Y,1999,1.5,6,100,오산소방서,031-8059-7413,2021-04-12
"청학50호",1,경기도,오산시,41370,경기도 오산시 오산로 332,경기도 오산시 궐동 73-1,37.156383,127.067685,까치다방 앞,청학안전센터,Y,Y,1999,1,6,100,오산소방서,031-8059-7413,2021-04-12
"청학51호",1,경기도,오산시,41370,경기도 오산시 오산로 378,경기도 오산시 궐동 9-2,37.160453,127.0662924,재경연립 앞,청학안전센터,Y,Y,1999,1.5,6,100,오산소방서,031-8059-7413,2021-04-12
"청학52호",1,경기도,오산시,41370,경기도 오산시 대호로71번길 41,경기도 오산시 궐동 684-1,37.159523,127.053218,센트하임 8~9 출입구 앞,청학안전센터,Y,Y,1999,1.5,6,100,오산소방서,031-8059-7413,2021-04-12
"청학53호",1,경기도,오산시,41370,경기도 오산시 법원로 15,경기도 오산시 궐동 745,37.154964,127.055594,미니스톱 앞,청학안전센터,Y,Y,1999,1.5,6,100,오산소방서,031-8059-7413,2021-04-12
"청학54호",1,경기도,오산시,41370,경기도 오산시 법원로 35,경기도 오산시 궐동 698-2,37.156453,127.056966,삼성빌딩 앞,청학안전센터,Y,Y,2003,1.5,6,100,오산소방서,031-8059-7413,2021-04-12
"청학55호",1,경기도,오산시,41370,경기도 오산시 법원로15번길 44,경기도 오산시 궐동 703-6,37.155519,127.053538,하늘채 앞,청학안전센터,Y,Y,1999,1.5,6,100,오산소방서,031-8059-7413,2021-04-12
"청학56호",1,경기도,오산시,41370,경기도 오산시 서동로 140,경기도 오산시 서동 283-2,37.151929,127.039793,대가수선민물장어 앞,청학안전센터,Y,Y,2011,1,6,100,오산소방서,031-8059-7413,2021-04-12
"청학57호",1,경기도,오산시,41370,경기도 오산시 서동로 154,경기도 오산시 서동 312,37.153634,127.040323,서동로 154 건물 맞은편,청학안전센터,Y,Y,1999,1,6,100,오산소방서,031-8059-7413,2021-04-12
"청학58호",1,경기도,오산시,41370,경기도 오산시 서동로 67,경기도 오산시 서동 592-3,37.146079,127.0380284,SK-LPG 동서충전소 맞은편,청학안전센터,Y,Y,1999,1,6,100,오산소방서,031-8059-7413,2021-04-12
"청학59호",1,경기도,오산시,41370,경기도 오산시 청학로 11,경기도 오산시 가수동 297-4,37.150023,127.061453,뜨지가구 앞,청학안전센터,Y,Y,2019,1,6,100,오산소방서,031-8059-7413,2021-04-12
"청학60호",1,경기도,오산시,41370,경기도 오산시 청학로5번길 18,경기도 오산시 청학동 193-4,37.151112,127.060028,오산정보고등학교 정문,청학안전센터,Y,Y,1997,1,6,100,오산소방서,031-8059-7413,2021-04-12
"청학61호",1,경기도,오산시,41370,경기도 오산시 청학로 31,경기도 오산시 청학동 33-1,37.152383,127.062705,가공현수막 사무실 앞,청학안전센터,Y,Y,1998,1,3,100,오산소방서,031-8059-7413,2021-04-12
"청학62호",1,경기도,오산시,41370,경기도 오산시 청학로43번길 26,경기도 오산시 청학동 266-3,37.151831,127.061409,오산가공원 앞,청학안전센터,Y,Y,1998,1,6,100,오산소방서,031-8059-7413,2021-04-12
"청학63호",1,경기도,오산시,41370,경기도 오산시 청학로17번길 24,경기도 오산시 청학동 46-1,37.152399,127.060421,정림주택 앞,청학안전센터,N,Y,1999,1,6,100,오산소방서,031-8059-7413,2021-04-12
"청학64호",1,경기도,오산시,41370,경기도 오산시 대호로 8,경기도 오산시 청학동 75,37.152776,127.058169,경기도 오산시 대호로 8 언덕길,청학안전센터,Y,Y,1998,1,6,100,오산소방서,031-8059-7413,2021-04-12
"청학65호",1,경기도,오산시,41370,경기도 오산시 청학로 55-6,경기도 오산시 청학동 16-6,37.15470736,127.063776,청학119안전센터 차고 앞,청학안전센터,Y,Y,2001,1,6,100,오산소방서,031-8059-7413,2021-04-12
"청학66호",1,경기도,오산시,41370,경기도 오산시 운암로 64,경기도 오산시 오산동 922-4,37.151539,127.0758708,그린치과 맞은편,청학안전센터,Y,Y,1998,1,6,100,오산소방서,031-8059-7413,2021-04-12
"청학67호",1,경기도,오산시,41370,경기도 오산시 경기대로339번길 23,경기도 오산시 오산동 335-3,37.155006,127.070413,일우건설 앞,청학안전센터,Y,Y,1998,1,6,100,오산소방서,031-8059-7413,2021-04-12
"청학68호",1,경기도,오산시,41370,경기도 오산시 운천로 133-12,경기도 오산시 오산동 116-4,37.154718,127.074283,은성빌딩 앞,청학안전센터,Y,Y,1993,1,6,100,오산소방서,031-8059-7413,2021-04-12
"청학69호",1,경기도,오산시,41370,경기도 오산시 경기대로 317,경기도 오산시 오산동 835-2,37.152683,127.073646,SK주유소 간판 앞,청학안전센터,N,Y,2020,1,6,100,오산소방서,031-8059-7413,2021-04-12
"청학70호",1,경기도,오산시,41370,경기도 오산시 성호대로93번길 54,경기도 오산시 오산동 891,37.15372962,127.071701,우성공작소 맞은편,청학안전센터,N,Y,2020,1,6,100,오산소방서,031-8059-7413,2021-04-12
"청학71호",1,경기도,오산시,41370,경기도 오산시 성호대로 93번길 34,경기도 오산시 오산동 848-20,37.151728,127.071641,해닮건설 앞,청학안전센터,Y,Y,1996,1,6,100,오산소방서,031-8059-7413,2021-04-12
"청학72호",1,경기도,오산시,41370,경기도 오산시 성호새싹길 65,경기도 오산시 오산동 822-12,37.154622,127.070245,남북건강원 앞,청학안전센터,N,Y,2020,1,6,100,오산소방서,031-8059-7413,2021-04-12
"청학73호",1,경기도,오산시,41370,경기도 오산시 오산로 290,경기도 오산시 오산동 843-1,37.152722,127.0687401,화남당 앞,청학안전센터,Y,Y,2011,1,6,100,오산소방서,031-8059-7413,2021-04-12
"청학74호",1,경기도,오산시,41370,경기도 오산시 오산로 300,경기도 오산시 오산동 822-12,37.153682,127.068696,대원약국 앞,청학안전센터,Y,Y,2009,1,6,100,오산소방서,031-8059-7413,2021-04-12
"청학75호",1,경기도,오산시,41370,경기도 오산시 오산로 276,경기도 오산시 오산동 895,37.151575,127.068623,백만장자 명품구제?? 앞,청학안전센터,Y,Y,2009,1,6,100,오산소방서,031-8059-7413,2021-04-12
"청학76호",1,경기도,오산시,41370,경기도 오산시 성산새싹16번길 22-6,경기도 오산시 오산동 491-5,37.151108,127.0671275,경기도 오산시 성산새싹16번길 22-6,청학안전센터,Y,Y,2019,1,6,100,오산소방서,031-8059-7413,2021-04-12
"청학77호",1,경기도,오산시,41370,경기도 오산시 성산새싹길 26-27,경기도 오산시 오산동 502-14,37.151628,127.066193,남촌슈퍼 뒤,청학안전센터,Y,Y,2019,1,6,100,오산소방서,031-8059-7413,2021-04-12
"청학78호",1,경기도,오산시,41370,경기도 오산시 성산새싹길 30,경기도 오산시 오산동 497-37,37.152038,127.066138,KS빌,청학안전센터,Y,Y,2019,1,6,100,오산소방서,031-8059-7413,2021-04-12
"청학79호",1,경기도,오산시,41370,경기도 오산시 오산천로182번길 9-19,경기도 오산시 오산동 507-1,37.151484,127.064705,조병규씨댁 앞,청학안전센터,Y,Y,2019,1,6,100,오산소방서,031-8059-7413,2021-04-12
"청학80호",1,경기도,오산시,41370,경기도 오산시 성호대로33번길 29,경기도 오산시 오산동 503-46,37.151673,127.065258,삼양건축설비 앞,청학안전센터,Y,Y,2019,1,4,100,오산소방서,031-8059-7413,2021-04-12
"청학81호",1,경기도,오산시,41370,경기도 오산시 성산새싹길 15,경기도 오산시 오산동 486-23,37.150496,127.0657838,두리석유 앞,청학안전센터,N,Y,2019,1,4,100,오산소방서,031-8059-7413,2021-04-12
"청학82호",1,경기도,오산시,41370,경기도 오산시 성호대로 43,경기도 오산시 오산동 524-1,37.1504447,127.066128,성산초등학교 정문 앞,청학안전센터,N,Y,2019,1,4,100,오산소방서,031-8059-7413,2021-04-12
"청학83호",1,경기도,오산시,41370,경기도 오산시 오산천로182번길 1,경기도 오산시 오산동 508-9,37.150841,127.064138,뚝컴퓨터 앞,청학안전센터,Y,Y,2019,1,4,100,오산소방서,031-8059-7413,2021-04-12
"청학84호",1,경기도,오산시,41370,경기도 오산시 성호대로 37,경기도 오산시 오산동 609-26,37.1494287,127.065471,남촌공인중개사 앞,청학안전센터,Y,Y,2019,1,4,100,오산소방서,031-8059-7413,2021-04-12
"청학85호",1,경기도,오산시,41370,경기도 오산시 경기동로 26-3,경기도 오산시 오산동 926,37.156966,127.074974,이화빌라 앞,청학안전센터,Y,Y,2019,1,4,100,오산소방서,031-8059-7413,2021-04-12
"청학86호",1,경기도,오산시,41370,경기도 오산시 경기대로 333번길 16,경기도 오산시 오산동 318-5,37.154723,127.071764,명인인력 옆,청학안전센터,Y,Y,1998,1,4,100,오산소방서,031-8059-7413,2021-04-12
"청학87호",1,경기도,오산시,41370,경기도 오산시 경기대로 339번길 3,경기도 오산시 오산동 73-8,37.154938,127.073141,영림몰딩도어 앞,청학안전센터,Y,Y,2019,1,4,100,오산소방서,031-8059-7413,2021-04-12
"청학88호",1,경기도,오산시,41370,경기도 오산시 경기대로 271,경기도 오산시 오산동 868,37.148854,127.072431,롯데마트 주차장 입구,청학안전센터,Y,Y,2019,1,4.2,100,오산소방서,031-8059-7413,2021-04-12
"청학89호",1,경기도,오산시,41370,경기도 오산시 경기대로 331,경기도 오산시 오산동 119-17,37.154526,127.0732479,기아자동차대리점 앞,청학안전센터,Y,Y,2019,1,4.2,100,오산소방서,031-8059-7413,2021-04-12
"청학90호",1,경기도,오산시,41370,경기도 오산시 오산로278번길 7,경기도 오산시 오산동 844-11,37.151757,127.069145,트레디 앞,청학안전센터,N,Y,2020,1,4.5,100,오산소방서,031-8059-7413,2021-04-12
"청학91호",1,경기도,오산시,41370,경기도 오산시 성호새싹길 17,경기도 오산시 오산동 855-16,37.150569,127.070095,하나로축산 앞,청학안전센터,N,Y,2020,1,3.5,100,오산소방서,031-8059-7413,2021-04-12
"청학92호",1,경기도,오산시,41370,경기도 오산시 오산로 272번길 42,경기도 오산시 오산동 865-8,37.15096612,127.0730162,JU마트 옆,청학안전센터,N,Y,2020,1,3.6,100,오산소방서,031-8059-7413,2021-04-12
"청학93호",1,경기도,오산시,41370,경기도 오산시 성호대로 83,경기도 오산시 오산동 870,37.148903,127.070759,다문화가정지원센터 앞,청학안전센터,Y,Y,2019,1,3.8,100,오산소방서,031-8059-7413,2021-04-12
"청학94호",1,경기도,오산시,41370,경기도 오산시 성호대로 65,경기도 오산시 오산동 873-6,37.148985,127.068571,경희한의원 앞,청학안전센터,Y,Y,2019,1,3.8,100,오산소방서,031-8059-7413,2021-04-12
"청학95호",1,경기도,오산시,41370,경기도 오산시 운천로 83,경기도 오산시 오산동 910-2,37.150266,127.074486,상진프라자 앞,청학안전센터,Y,Y,1998,1,3.8,100,오산소방서,031-8059-7413,2021-04-12
"청학96호",1,경기도,오산시,41370,경기도 오산시 운천로165번길 38,경기도 오산시 오산동 911-5,37.157997,127.077358,운천빌 앞,청학안전센터,Y,Y,2019,1,3.8,100,오산소방서,031-8059-7413,2021-04-12
"청학97호",1,경기도,오산시,41370,경기도 오산시 운천로165번길 31-20,경기도 오산시 오산동 912-1,37.156885,127.076677,동화마을어린이집 앞,청학안전센터,N,Y,2001,1,4,100,오산소방서,031-8059-7413,2021-04-12
"청학98호",1,경기도,오산시,41370,경기도 오산시 성호대로93번길 27,경기도 오산시 오산동 853-19,37.151045,127.071471,성호초등학교 체육관 뒤,청학안전센터,Y,Y,1998,1,4,100,오산소방서,031-8059-7413,2021-04-12
"청학99호",1,경기도,오산시,41370,경기도 오산시 성호대로 141,경기도 오산시 오산동 925-13,37.148805,127.076375,시청 광장 앞,청학안전센터,Y,Y,1991,1,4,100,오산소방서,031-8059-7413,2021-04-12
"청학100호",1,경기도,오산시,41370,경기도 오산시 동부대로 528,경기도 오산시 오산동 235-2,37.148927,127.078124,임시폐전,청학안전센터,Y,N,1998,1,4,100,오산소방서,031-8059-7413,2021-04-12
"청학101호",1,경기도,오산시,41370,경기도 오산시 경기동로 33,경기도 오산시 오산동 42-3,37.157501,127.075616,오산스포츠센터 앞,청학안전센터,Y,Y,2015,1,4,100,오산소방서,031-8059-7413,2021-04-12
"청학102호",1,경기도,오산시,41370,경기도 오산시 동부대로 534,경기도 오산시 오산동 925-12,37.149989,127.076238,오산시청 후문 맞은편,청학안전센터,Y,Y,2001,1,4,100,오산소방서,031-8059-7413,2021-04-12
"청학103호",1,경기도,오산시,41370,경기도 오산시 청학로 48,경기도 오산시 오산동 503-2,37.152033,127.064927,오산천 육교 앞,청학안전센터,Y,Y,1998,1,4,100,오산소방서,031-8059-7413,2021-04-12
"청학104호",1,경기도,오산시,41370,경기도 오산시 운암로117,경기도 오산시 오산동 917-4,37.156975,127.078908,운천초등학교 옆,청학안전센터,Y,Y,1998,1,4,100,오산소방서,031-8059-7413,2021-04-12
"청학105호",1,경기도,오산시,41370,경기도 오산시 운천로 165번길 68,경기도 오산시 오산동 911-32,37.156268,127.076526,유림촌참숯갈비 앞,청학안전센터,Y,Y,2019,1,3.8,100,오산소방서,031-8059-7413,2021-04-12
"청학106호",1,경기도,오산시,41370,경기도 오산시 운암로 77,경기도 오산시 오산동 920-3,37.153394,127.076903,중앙도서관 앞 횡단보도,청학안전센터,Y,Y,2019,1,3.8,100,오산소방서,031-8059-7413,2021-04-12
"청학107호",1,경기도,오산시,41370,경기도 오산시 오산로 223,경기도 오산시 오산동 109-1,37.153537,127.074846,한국통신공사 후문앞 삼거리,청학안전센터,Y,Y,1999,1,3.8,100,오산소방서,031-8059-7413,2021-04-12
"청학108호",1,경기도,오산시,41370,경기도 오산시 운천로 101,경기도 오산시 오산동 262-7,37.151801,127.074527,자동차 카센터 앞,청학안전센터,Y,Y,2021,1,3.8,100,오산소방서,031-8059-7413,2021-04-12
"청학109호",1,경기도,오산시,41370,경기도 오산시 시장58번길 29-4,경기도 오산시 오산동 811-3,37.154341,127.072992,지구촌선교회 앞,청학안전센터,Y,Y,2019,1,3.8,100,오산소방서,031-8059-7413,2021-04-12
"청학110호",1,경기도,오산시,41370,경기도 오산시 성호대로 81,경기도 오산시 오산동 872-10,37.148916,127.0700125,뱅뱅사거리 앞,청학안전센터,Y,Y,2019,1,3.8,100,오산소방서,031-8059-7413,2021-04-12
"청학111호",1,경기도,오산시,41370,경기도 오산시 운암로 64,경기도 오산시 오산동 939,37.151089,127.079217,임시폐전,청학안전센터,Y,N,1999,1,3.8,100,오산소방서,031-8059-7413,2021-04-12
"청학112호",1,경기도,오산시,41370,경기도 오산시 성호대로42-1,경기도 오산시 오산동 608-1,37.149119,127.065956,더퍼스트 앞,청학안전센터,N,Y,1991,0.3,3.5,100,오산소방서,031-8059-7413,2021-04-12
"청학113호",1,경기도,오산시,41370,경기도 오산시 성호대로50번길 37-2,경기도 오산시 오산동 816-61,37.147399,127.064337,금화빌라 맞은편,청학안전센터,Y,Y,1993,0.3,3.5,100,오산소방서,031-8059-7413,2021-04-12
"청학114호",1,경기도,오산시,41370,경기도 오산시 성호대로 30,경기도 오산시 오산동 611-1,37.149272,127.064601,신명디지털인쇄 앞,청학안전센터,Y,Y,2018,0.7,4,100,오산소방서,031-8059-7413,2021-04-12
"청학115호",1,경기도,오산시,41370,경기도 오산시 성호대로 24,경기도 오산시 오산동 822-37,37.149364,127.063647,성호대로 24,청학안전센터,N,Y,1991,0.6,3,100,오산소방서,031-8059-7413,2021-04-12
"청학116호",1,경기도,오산시,41370,경기도 오산시 성호대로50번길 28,경기도 오산시 오산동 622-47,37.147451,127.0657499,공영주차장 인근,청학안전센터,Y,Y,1991,0.6,4.5,100,오산소방서,031-8059-7413,2021-04-12
"청학117호",1,경기도,오산시,41370,경기도 오산시 오산로 153,경기도 오산시 오산동 731-7,37.140757,127.0684916,예수님왕권 앞,청학안전센터,Y,Y,1997,0.5,5,100,오산소방서,031-8059-7413,2021-04-12
"청학118호",1,경기도,오산시,41370,경기도 오산시 대원로 7,경기도 오산시 오산동 880-16,37.146463,127.069296,신세계약국 앞,청학안전센터,Y,Y,1991,1,4,100,오산소방서,031-8059-7413,2021-04-12
"청학119호",1,경기도,오산시,41370,경기도 오산시 성호대로 67,경기도 오산시 오산동 873-16,37.148972,127.068797,엘지유플러스 앞,청학안전센터,Y,Y,1991,1,4,100,오산소방서,031-8059-7413,2021-04-12
"청학120호",1,경기도,오산시,41370,경기도 오산시 역광장로 38,경기도 오산시 오산동 882-5,37.143612,127.067451,코사마트 앞,청학안전센터,Y,Y,2008,1,4,100,오산소방서,031-8059-7413,2021-04-12
"청학121호",1,경기도,오산시,41370,경기도 오산시 역광장로 15,경기도 오산시 오산동 886-15,37.142101,127.066817,역광장로 15,청학안전센터,Y,Y,1991,1,4,100,오산소방서,031-8059-7413,2021-04-12
"청학122호",1,경기도,오산시,41370,경기도 오산시 역광장로 81,경기도 오산시 오산동 603-7,37.147819,127.067872,역광장로 81,청학안전센터,Y,Y,1997,1,4,100,오산소방서,031-8059-7413,2021-04-12
"청학123호",1,경기도,오산시,41370,,경기도 오산시 가수동 372-1,37.143454,127.061716,LG이노텍 정문 앞,청학안전센터,Y,Y,1999,1,4,100,오산소방서,031-8059-7413,2021-04-12
"시청 세교 - 1",1,경기도,오산시,41370,,경기도 오산시 가장동 385-2,37.167184,127.029808,아이엠텍 뒤편 코너길,세교안전센터,Y,Y,2018,1,5,65,오산소방서,031-8059-7413,2021-04-12
"시청 세교 - 2",1,경기도,오산시,41370,,경기도 오산시 가장동 385-1,37.167537,127.031089,주식회사 아성 제2공장 뒤편,세교안전센터,Y,Y,2018,1,4.5,65,오산소방서,031-8059-7413,2021-04-12
"시청 세교 - 3",1,경기도,오산시,41370,,경기도 오산시 가장동 386-1,37.16781728,127.033424,디이엔티 입구 옆,세교안전센터,Y,Y,2018,1,4.5,65,오산소방서,031-8059-7413,2021-04-12
"시청 세교 - 4",1,경기도,오산시,41370,,경기도 오산시 가장동 386-5,37.168363,127.032501,다리 밑,세교안전센터,Y,Y,2018,1,5,65,오산소방서,031-8059-7413,2021-04-12
"시청 세교 - 5",1,경기도,오산시,41370,경기도 오산시 가장산업서북로 40-38,경기도 오산시 가장동 387-2,37.16666927,127.034816,신세계인터코스코리아 앞,세교안전센터,Y,Y,2018,1,3,65,오산소방서,031-8059-7413,2021-04-12
"시청 세교 - 6",1,경기도,오산시,41370,경기도 오산시 가장산업서북로 40-26,경기도 오산시 가장동 387-4,37.165416,127.034677,이지코스텍 앞,세교안전센터,Y,Y,2018,1,0.4,65,오산소방서,031-8059-7413,2021-04-12
"시청 세교 - 7",1,경기도,오산시,41370,경기도 오산시 가장산업서로 12-35,경기도 오산시 가장동 387-5,37.165895,127.032231,이노웨이브 오산공장 앞,세교안전센터,Y,Y,2018,1,2,65,오산소방서,031-8059-7413,2021-04-12
"시청 세교 - 8",1,경기도,오산시,41370,경기도 오산시 가장산업서북로 56,경기도 오산시 가장동 388-1,37.166955,127.032349,아성공장 앞 사거리 횡단보도,세교안전센터,Y,Y,2018,1,4.5,65,오산소방서,031-8059-7413,2021-04-12
"시청 세교 - 9",1,경기도,오산시,41370,경기도 오산시 가장산업서북로 39-58,경기도 오산시 가장동 389-7,37.166579,127.032038,봉신로드셀 입구,세교안전센터,Y,Y,2018,1,5,65,오산소방서,031-8059-7413,2021-04-12
"시청 세교 - 10",1,경기도,오산시,41370,,경기도 오산시 가장동 390-1,37.165998,127.029495,아이엠텍 입구,세교안전센터,Y,Y,2018,1,4,65,오산소방서,031-8059-7413,2021-04-12
"시청 세교 - 12",1,경기도,오산시,41370,,경기도 오산시 가장동 392-3,37.162595,127.033271,SM모터스 앞,세교안전센터,Y,Y,2018,1,3,65,오산소방서,031-8059-7413,2021-04-12
"시청 세교 - 13",1,경기도,오산시,41370,,경기도 오산시 가장동 392-6,37.162091,127.032552,PS모터스 건너편 코너길,세교안전센터,Y,Y,2018,1,1.5,65,오산소방서,031-8059-7413,2021-04-12
"시청 세교 - 14",1,경기도,오산시,41370,,경기도 오산시 가장동 405-3,37.167687,127.035944,아로마티카 건너편,세교안전센터,Y,Y,2018,1,4.5,65,오산소방서,031-8059-7413,2021-04-12
"시청 세교 - 15",1,경기도,오산시,41370,경기도 오산시 가장산업서로 56-24,경기도 오산시 가장동392-2,37.16516455,127.030827,앱스필 공사장 입구,세교안전센터,Y,Y,2018,1,5,65,오산소방서,031-8059-7413,2021-04-12
"시청 세교 - 16",1,경기도,오산시,41370,경기도 오산시 가장산업서북로 27,경기도 오산시 가장동392-3,37.164755,127.031868,KMG테크 버스정류장 옆,세교안전센터,Y,Y,2018,1,4,65,오산소방서,031-8059-7413,2021-04-12
"시청 세교 - 17",1,경기도,오산시,41370,,경기도 오산시 가장동392-5,37.16346485,127.029261,삼거리 횡단보도,세교안전센터,Y,Y,2018,1,4.5,65,오산소방서,031-8059-7413,2021-04-12
"시청 세교 - 18",1,경기도,오산시,41370,경기도 오산시 가장산업서북로 40-2,경기도 오산시 가장동394-1,37.165251,127.033274,코스온 입구 옆,세교안전센터,Y,Y,2018,1,4.5,65,오산소방서,031-8059-7413,2021-04-12
"시청 세교 - 19",1,경기도,오산시,41370,경기도 오산시 가장산업서로 20,경기도 오산시 가장동394-10,37.162977,127.033993,설렁탕왕갈비탕 건너편,세교안전센터,Y,Y,2018,1,4.5,65,오산소방서,031-8059-7413,2021-04-12
"시청 세교 - 20",1,경기도,오산시,41370,경기도 오산시 가장산업서로 20,경기도 오산시 가장동394-10,37.163225,127.031965,사거리 도로 옆,세교안전센터,Y,Y,2018,1,0.5,65,오산소방서,031-8059-7413,2021-04-12
"시청 세교 - 21",1,경기도,오산시,41370,,경기도 오산시 가장동395-4,37.164413,127.034529,아모레퍼시픽 뒤편 도로변,세교안전센터,Y,Y,2018,1,3,65,오산소방서,031-8059-7413,2021-04-12
"시청 세교 - 22",1,경기도,오산시,41370,경기도 오산시 가장산업서로 11-43,경기도 오산시 가장동399-1,37.163207,127.030667,피앤씨랩스 건너편,세교안전센터,Y,Y,2018,1,2,65,오산소방서,031-8059-7413,2021-04-12
"시청 세교 - 23",1,경기도,오산시,41370,,경기도 오산시 가장동401-1,37.164823,127.029422,가장산업서로 도로변,세교안전센터,Y,Y,2018,1,0.5,65,오산소방서,031-8059-7413,2021-04-12
"시청 세교 - 24",1,경기도,오산시,41370,,경기도 오산시 가장동401-4,37.161745,127.033917,가장동 401-4 도로변,세교안전센터,Y,Y,2018,1,1.5,65,오산소방서,031-8059-7413,2021-04-12
"시청 세교 - 25",1,경기도,오산시,41370,,경기도 오산시 가장동404-2,37.161953,127.034799,가장동 404-2 도로변,세교안전센터,Y,Y,2018,1,1.5,65,오산소방서,031-8059-7413,2021-04-12
"시청 세교 - 26",1,경기도,오산시,41370,,경기도 오산시 가장동 16-19,37.162583,127.042841,가장동 16-19 코너 도로변,세교안전센터,N,Y,2018,1,1.5,65,오산소방서,031-8059-7413,2021-04-12
"시청 세교 - 27",1,경기도,오산시,41370,,경기도 오산시 가장동127-7,37.161772,127.031719,가장동 127-7 삼거리 횡단보도 옆,세교안전센터,Y,Y,2018,1,1.5,65,오산소방서,031-8059-7413,2021-04-12
"시청 세교 - 28",1,경기도,오산시,41370,경기도 오산시 가장로530번길 20,경기도 오산시 가장동 171,37.159253,127.036252,가장동경로당 앞,세교안전센터,Y,Y,2018,1,0.5,65,오산소방서,031-8059-7413,2021-04-12
"시청 세교 - 29",1,경기도,오산시,41370,경기도 오산시 가장로530번길 57-4,경기도 오산시 가장동218-21,37.156727,127.0352276,가장동 57번지 건물 옆,세교안전센터,Y,Y,2018,1,4.5,65,오산소방서,031-8059-7413,2021-04-12
"시청 세교 - 30",1,경기도,오산시,41370,경기도 오산시 가장산업북로 14,경기도 오산시 가장동373-1,37.162653,127.035785,아이엠디 사거리 도로변,세교안전센터,N,Y,2018,1,4.5,65,오산소방서,031-8059-7413,2021-04-12
"시청 세교 - 31",1,경기도,오산시,41370,경기도 오산시 가장산업동로 14-6,경기도 오산시 가장동373-2,37.162653,127.035785,비엘코스메틱 도로변,세교안전센터,N,Y,2018,1,3,65,오산소방서,031-8059-7413,2021-04-12
"시청 세교 - 32",1,경기도,오산시,41370,경기도 오산시 가장산업동로 14-18,경기도 오산시 가장동373-5,37.16137963,127.035427,에프에스티 건물 옆,세교안전센터,N,Y,2018,1,3,65,오산소방서,031-8059-7413,2021-04-12
"시청 세교 - 33",1,경기도,오산시,41370,,경기도 오산시 가장동 379-3,37.160413,127.038453,와이솔 앞,세교안전센터,N,Y,2018,1,3,65,오산소방서,031-8059-7413,2021-04-12
"시청 세교 - 34",1,경기도,오산시,41370,,경기도 오산시 가장동 245-4,37.159816,127.038097,오일뱅크 진입로 옆,세교안전센터,Y,Y,2018,1,3,65,오산소방서,031-8059-7413,2021-04-12
"시청 세교 - 35",1,경기도,오산시,41370,경기도 오산시 가장산업동로 14-11,경기도 오산시 가장동374-6,37.160238,127.039996,가장동 14-17 앞,세교안전센터,Y,Y,2018,1,2.5,65,오산소방서,031-8059-7413,2021-04-12
"시청 세교 - 36",1,경기도,오산시,41370,경기도 오산시 가장산업동로 46,경기도 오산시 가장동375-6,37.162641,127.040688,오산시근로자 종합복지관 앞,세교안전센터,N,Y,2018,1,2.5,65,오산소방서,031-8059-7413,2021-04-12
"시청 세교 - 37",1,경기도,오산시,41370,경기도 오산시 가장산업동로 28-5,경기도 오산시 가장동375-8,37.162052,127.038691,커피에반하다 앞,세교안전센터,N,Y,2018,1,2.5,65,오산소방서,031-8059-7413,2021-04-12
"시청 세교 - 38",1,경기도,오산시,41370,,경기도 오산시 가장동 379-5,37.159648,127.041321,정진네스텍 코너길,세교안전센터,N,Y,2018,1,2.5,65,오산소방서,031-8059-7413,2021-04-12
"시청 세교 - 40",1,경기도,오산시,41370,,경기도 오산시 가장동404-4,37.161252,127.035169,에프에스티 삼거리 횡단보도,세교안전센터,Y,Y,2018,1,2.5,65,오산소방서,031-8059-7413,2021-04-12
"시청 세교 - 41",1,경기도,오산시,41370,,경기도 오산시 수청동 17-2,,127.067453,수청주공아파트 103동 사거리 횡단보도,세교안전센터,Y,Y,2018,1,3,100,오산소방서,031-8059-7413,2021-04-12
"시청 세교 - 42",1,경기도,오산시,41370,경기도 오산시 내삼미로 29,경기도 오산시 수청동 17-1,37.166491,127.067322,아쿠아류 사거리,세교안전센터,Y,Y,2019,1,4,100,오산소방서,031-8059-7413,2021-04-12
"시청 세교 - 43",1,경기도,오산시,41370,경기도 오산시 매홀로77번길 24,경기도 오산시 수청동523,37.163968,127.059534,물향기작은도서관 건너편,세교안전센터,Y,Y,2019,1,4,100,오산소방서,031-8059-7413,2021-04-12
"시청 세교 - 44",1,경기도,오산시,41370,,경기도 오산시 수청동77-6,,127.067233,명성공업사 입구 횡단보도 옆,세교안전센터,Y,Y,2018,1,3,100,오산소방서,031-8059-7413,2021-04-12
"시청 세교 - 45",1,경기도,오산시,41370,,경기도 오산시 수청동 87-10,37.163292,127.068141,수청근린공원 도로변,세교안전센터,Y,Y,2019,1,3.5,100,오산소방서,031-8059-7413,2021-04-12
"시청 세교 - 46",1,경기도,오산시,41370,,경기도 오산시 은계동 111-32,37.158138,127.070487,리버빌아파트 입구 옆,세교안전센터,Y,Y,2019,1,4,100,오산소방서,031-8059-7413,2021-04-12
"시청 세교 - 47",1,경기도,오산시,41370,경기도 오산시 삼미로47번길 12,경기도 오산시 내삼미동125-4,37.176495,127.065677,mk중량 앞,세교안전센터,Y,Y,2018,1,4,65,오산소방서,031-8059-7413,2021-04-12
"시청 세교 - 48",1,경기도,오산시,41370,경기도 오산시 삼미로47번길 59,경기도 오산시 내삼미동193-6,37.177274,127.069078,내삼미동 노인회관 앞,세교안전센터,N,Y,2018,1,4.2,65,오산소방서,031-8059-7413,2021-04-12
"시청 세교 - 49",1,경기도,오산시,41370,,경기도 오산시 내삼미동251-2,37.176173,127.062212,오산세교자이 114동 앞 삼거리,세교안전센터,Y,Y,2018,1,2.5,65,오산소방서,031-8059-7413,2021-04-12
"시청 세교 - 50",1,경기도,오산시,41370,경기도 오산시 북삼미로 52,경기도 오산시 내삼미동323-1,37.181012,127.062196,동탄플로리아 앞 도로변,세교안전센터,Y,Y,2018,1,3.5,65,오산소방서,031-8059-7413,2021-04-12
"시청 세교 - 51",1,경기도,오산시,41370,경기도 오산시 경기대로632번길 63,경기도 오산시 내삼미동372-3,37.182249,127.0607756,cs테크 앞,세교안전센터,N,Y,2018,1,4,65,오산소방서,031-8059-7413,2021-04-12
"시청 세교 - 52",1,경기도,오산시,41370,,경기도 오산시 내삼미동538-10,37.179813,127.055108,장미면옥 앞 도로변,세교안전센터,Y,Y,2018,1,3,65,오산소방서,031-8059-7413,2021-04-12
"시청 세교 - 53",1,경기도,오산시,41370,,경기도 오산시 내삼미동 산 67-2,37.180995,127.051302,왕가돈까스 뒤편,세교안전센터,N,Y,2018,1,4,65,오산소방서,031-8059-7413,2021-04-12
"시청 세교 - 54",1,경기도,오산시,41370,,경기도 오산시 내삼미동81-1,37.175117,127.068851,내삼교회 입구 도로,세교안전센터,Y,Y,2018,1,6,65,오산소방서,031-8059-7413,2021-04-12
"시청 세교 - 55",1,경기도,오산시,41370,경기도 오산시 수청로50번길 25-3,경기도 오산시 내삼미동 853-14,37.175693,127.058353,cu 앞,세교안전센터,Y,Y,2019,1,3,65,오산소방서,031-8059-7413,2021-04-12
"시청 세교 - 56",1,경기도,오산시,41370,경기도 오산시 수청로50번길 9,경기도 오산시 내삼미동 853-8,37.174728,127.058634,정감빌딩 앞,세교안전센터,Y,Y,2019,1,4,100,오산소방서,031-8059-7413,2021-04-12
"시청 세교 - 57",1,경기도,오산시,41370,경기도 오산시 수청로 48,경기도 오산시 내삼미동 861-1,37.174322,127.057841,cu 앞,세교안전센터,Y,Y,2019,1,4,65,오산소방서,031-8059-7413,2021-04-12
"시청 세교 - 58",1,경기도,오산시,41370,경기도 오산시 수청로50번길 8-7,경기도 오산시 내삼미동 864-15,37.174008,127.0589995,내삼미동 8-7번지 앞,세교안전센터,Y,Y,2019,1,3,100,오산소방서,031-8059-7413,2021-04-12
"시청 세교 - 59",1,경기도,오산시,41370,경기도 오산시 큰말25번길 21-6,경기도 오산시 세교동403-1,37.188358,127.034379,무지개교회 앞,세교안전센터,Y,Y,2019,1,4.2,100,오산소방서,031-8059-7413,2021-04-12
"시청 세교 - 60",1,경기도,오산시,41370,,경기도 오산시 세교동510-1,37.185446,127.036648,태양광발전시스템컨설팅 건너편,세교안전센터,Y,Y,2019,1,4.5,100,오산소방서,031-8059-7413,2021-04-12
"시청 세교 - 61",1,경기도,오산시,41370,경기도 오산시 큰말길 15-12,경기도 오산시 세교동519-5,37.18617955,127.033576,명성각 앞,세교안전센터,N,Y,2019,1,4,100,오산소방서,031-8059-7413,2021-04-12
"시청 세교 - 62",1,경기도,오산시,41370,경기도 오산시 독산성로 325,"경기도 오산시 세교동556-1 (마로니파크,)",37.182753,127.032983,마로니파크 앞,세교안전센터,Y,Y,2019,1,3.5,100,오산소방서,031-8059-7413,2021-04-12
"시청 세교 - 63",1,경기도,오산시,41370,경기도 오산시 청학로 147번길 67,경기도 오산시 수청동407-7,37.164703,127.061659,물향기고시텔 건너편,세교안전센터,Y,Y,2019,1,4,0,오산소방서,031-8059-7413,2021-04-12
"시청 세교 - 64",1,경기도,오산시,41370,경기도 오산시 내삼미로 34,경기도 오산시 수청동 44-2,37.165434,127.068026,세븐일레븐 앞,세교안전센터,Y,Y,2019,1,5,100,오산소방서,031-8059-7413,2021-04-12
"시청 세교 - 65",1,경기도,오산시,41370,경기도 오산시 매홀로 89-7,"경기도 오산시 수청동415-3 (오산수청교회,)",37.165275,127.061488,오산수청교회 앞,세교안전센터,Y,Y,2017,1,3.8,0,오산소방서,031-8059-7413,2021-04-12
"시청 세교 - 66",1,경기도,오산시,41370,,경기도 오산시 수청동 535,37.164905,127.062105,우리동네솥뚜껑삼겹살 건너편,세교안전센터,Y,Y,2017,1,4.5,0,오산소방서,031-8059-7413,2021-04-12
"시청 세교 - 67",1,경기도,오산시,41370,경기도 오산시 매홀로 77번길 24-2,경기도 오산시 수청동517-8,37.164484,127.0595699,수청동 517-8번지 수청슈퍼 앞,세교안전센터,Y,Y,2019,1,4.5,65,오산소방서,031-8059-7413,2021-04-12
"시청 세교 - 68",1,경기도,오산시,41370,경기도 오산시 청학로 147번길 60,경기도 오산시 수청동520-2,37.16450215,127.061033,수청동 원룸하우스 건물 옆 도로변,세교안전센터,Y,Y,2017,1,4,0,오산소방서,031-8059-7413,2021-04-12
"시청 세교 - 69",1,경기도,오산시,41370,경기도 오산시 매홀로 77번길 24-21,경기도 오산시 수청동525-8,37.164717,127.060132,숯어동 24-21번지 건물 앞,세교안전센터,Y,Y,2017,1,3.2,0,오산소방서,031-8059-7413,2021-04-12
"시청 세교 - 70",1,경기도,오산시,41370,경기도 오산시 매홀로 77번길 45,경기도 오산시 수청동530-4,37.162973,127.059166,무봉주택 앞 도로변,세교안전센터,Y,Y,2017,1,4.5,0,오산소방서,031-8059-7413,2021-04-12
"시청 세교 - 71",1,경기도,오산시,41370,,경기도 오산시 수청동 69-43,37.163611,127.069722,한호빌라 옆 도로변,세교안전센터,Y,Y,2019,1,3.5,100,오산소방서,031-8059-7413,2021-04-12
"시청 세교 - 72",1,경기도,오산시,41370,경기도 오산시 양산로 351,경기도 오산시 양산동 378-1,37.196048,127.023633,리메인 커피숍 앞,세교안전센터,Y,Y,2019,1,2.5,100,오산소방서,031-8059-7413,2021-04-12
"시청 세교 - 73",1,경기도,오산시,41370,경기도 오산시 양산로 422,경기도 오산시 양산동667-1,37.19731351,127.029601,오산세마효성 백년가약아파트 101동 앞 도로변,세교안전센터,Y,Y,2017,1,2.5,100,오산소방서,031-8059-7413,2021-04-12
"시청 세교 - 74",1,경기도,오산시,41370,,경기도 오산시 양산동 678,37.197536,127.031141,오산세마효성 백년가약아파트 104동 뒤 도로변,세교안전센터,Y,Y,2017,1,2.5,100,오산소방서,031-8059-7413,2021-04-12
"시청 세교 - 75",1,경기도,오산시,41370,경기도 오산시 양산로 460,경기도 오산시 양산동668-1,37.197758,127.033426,세마 e편한세상 아파트 130동 앞 도로,세교안전센터,Y,Y,2017,1,3.5,100,오산소방서,031-8059-7413,2021-04-12
"시청 세교 - 76",1,경기도,오산시,41370,경기도 오산시 한신대 133번길 40,경기도 오산시 양산동 287-2,37.194094,127.027218,양산교회 앞 사거리 도로 모서리,세교안전센터,N,Y,2019,1,3.5,100,오산소방서,031-8059-7413,2021-04-12
"시청 세교 - 77",1,경기도,오산시,41370,,경기도 오산시 양산동317-2,37.195383,127.027056,양산동 317-2번지 삼거리 도로 모서리,세교안전센터,N,Y,2019,1,3.5,100,오산소방서,031-8059-7413,2021-04-12
"시청 세교 - 78",1,경기도,오산시,41370,,경기도 오산시 양산동358-5,37.196267,127.026209,듬뿍만두샤브 앞 도로,세교안전센터,Y,Y,2017,1,3.5,100,오산소방서,031-8059-7413,2021-04-12
"시청 세교 - 79",1,경기도,오산시,41370,,경기도 오산시 양산동 376-3,37.196705,127.023483,커피더테이블 옆,세교안전센터,Y,Y,2019,1,3.5,100,오산소방서,031-8059-7413,2021-04-12
"시청 세교 - 81",1,경기도,오산시,41370,경기도 오산시 양산로 344,경기도 오산시 양산동 442-1,37.195867,127.022455,새마을 금고 뒤 공터,세교안전센터,Y,Y,2018,1,6,100,오산소방서,031-8059-7413,2021-04-12
"시청 세교 - 82",1,경기도,오산시,41370,경기도 오산시 양산로 325,경기도 오산시 양산동 461-1,37.195487,127.021237,양산동 325번지 건물 앞,세교안전센터,N,Y,2018,1,6,100,오산소방서,031-8059-7413,2021-04-12
"시청 세교 - 83",1,경기도,오산시,41370,,경기도 오산시 양산동 682,37.192754,127.034502,풍년방앗간 앞 도로,세교안전센터,Y,Y,2018,1,6,100,오산소방서,031-8059-7413,2021-04-12
"시청 세교 - 84",1,경기도,오산시,41370,경기도 오산시 세남로 32,경기도 오산시 양산동 672-1,37.193745,127.033624,봉바우 몽평막국수집 옆 도로,세교안전센터,Y,Y,2018,1,6,100,오산소방서,031-8059-7413,2021-04-12
"시청 세교 - 85",1,경기도,오산시,41370,경기도 오산시 세남로 28-13,경기도 오산시 양산동672-8,37.1936858,127.034793,나무십자가 교회 앞 도로변,세교안전센터,Y,Y,2018,1,6,100,오산소방서,031-8059-7413,2021-04-12
"시청 세교 - 86",1,경기도,오산시,41370,경기도 오산시 세남로 8-20,경기도 오산시 양산동673-8,37.193258,127.035989,그래요커피집 앞 도로,세교안전센터,Y,Y,2018,1,3.5,100,오산소방서,031-8059-7413,2021-04-12
"시청 세교 - 87",1,경기도,오산시,41370,경기도 오산시 세남로 24-7,경기도 오산시 양산동675-13,37.193164,127.035056,양산동 24-7번지 건물 앞 도로변 모서리,세교안전센터,Y,Y,2018,1,4,100,오산소방서,031-8059-7413,2021-04-12
"시청 세교 - 88",1,경기도,오산시,41370,,경기도 오산시 서랑동18-10,37.173673,127.014109,전국10대짬뽕 건물 옆 도로변,세교안전센터,Y,Y,2018,1,4,100,오산소방서,031-8059-7413,2021-04-12
"시청 세교 - 89",1,경기도,오산시,41370,,경기도 오산시 서랑동281-13,37.173815,127.009992,서랑동 103번지 건물 옆 버스정류장 근처,세교안전센터,Y,Y,2018,1,3.5,100,오산소방서,031-8059-7413,2021-04-12
"시청 세교 - 90",1,경기도,오산시,41370,,경기도 오산시 서랑동 286-7,37.178729,126.998935,서랑동 286-7번지 삼거리 도로변,세교안전센터,Y,Y,2018,1,3.5,100,오산소방서,031-8059-7413,2021-04-12
"시청 세교 - 91",1,경기도,오산시,41370,,경기도 오산시 서랑동374-21,37.176788,127.002659,디엠씨 철골공장 앞 삼거리 도로변,세교안전센터,Y,Y,2018,1,2.5,100,오산소방서,031-8059-7413,2021-04-12
"시청 세교 - 92",1,경기도,오산시,41370,,경기도 오산시 서랑동81-1,37.174889,127.008522,서랑동 31번지 건물 옆 도로변,세교안전센터,N,Y,2019,1,3.8,100,오산소방서,031-8059-7413,2021-04-12
"시청 세교 - 93",1,경기도,오산시,41370,경기도 오산시 은여울로 29,경기도 오산시 은계동 117,37.158192,127.070549,리버빌 아파트 입구 지하차도 옆,세교안전센터,N,Y,2019,1,2.5,100,오산소방서,031-8059-7413,2021-04-12
"시청 세교 - 94",1,경기도,오산시,41370,,경기도 오산시 은계동 53-21,37.162968,127.071444,왕덕사 뒤 도로변,세교안전센터,N,Y,2019,1,3.8,100,오산소방서,031-8059-7413,2021-04-12
"시청 세교 - 95",1,경기도,오산시,41370,,경기도 오산시 은계동 65,37.160993,127.068906,유니클로 건물 옆 도로 출입구,세교안전센터,Y,Y,2019,1,3.8,100,오산소방서,031-8059-7413,2021-04-12
"시청 세교 - 96",1,경기도,오산시,41370,,경기도 오산시 은계동 68-6,37.158682,127.069687,은계동 26번지 건물 앞,세교안전센터,N,Y,2019,1,3.8,100,오산소방서,031-8059-7413,2021-04-12
"시청 세교 - 97",1,경기도,오산시,41370,,경기도 오산시 은계동 65,37.159579,127.069904,수원삼성블루윙즈 유소년축구교실 건물 앞 사거리,세교안전센터,Y,Y,2019,1,2.5,100,오산소방서,031-8059-7413,2021-04-12
"시청 세교 - 98",1,경기도,오산시,41370,경기도 오산시 외삼미로 162-18,경기도 오산시 외삼미동126-16,37.199149,127.063237,"현대블루핸즈, 본만두 건물 사이",세교안전센터,Y,Y,2018,1,3.8,100,오산소방서,031-8059-7413,2021-04-12
"시청 세교 - 99",1,경기도,오산시,41370,경기도 오산시 외삼미로 161,경기도 오산시 외삼미동136-3,37.199081,127.061823,아이엠디자인 맞은 편,세교안전센터,Y,Y,2018,1,2.5,100,오산소방서,031-8059-7413,2021-04-12
"시청 세교 - 100",1,경기도,오산시,41370,,경기도 오산시 외삼미동 373,37.189472,127.055632,외삼미동 373번지 도로변(북오산 IC교차로 입구 맞은편),세교안전센터,Y,Y,2018,1,2.5,100,오산소방서,031-8059-7413,2021-04-12
"시청 세교 - 101",1,경기도,오산시,41370,경기도 오산시 북삼미로 259-18,경기도 오산시 외삼미동179-7,37.197576,127.057055,동탄성지교회 앞,세교안전센터,Y,Y,2018,1,3.8,100,오산소방서,031-8059-7413,2021-04-12
"시청 세교 - 102",1,경기도,오산시,41370,경기도 오산시 북삼미로 183-9,경기도 오산시 외삼미동290-3,37.191173,127.059431,삼미초등학교 옆(외삼미동 60-7번지 건물 옆),세교안전센터,Y,Y,2018,1,3.8,100,오산소방서,031-8059-7413,2021-04-12
"시청 세교 - 103",1,경기도,오산시,41370,경기도 오산시 외삼미로 27-4,경기도 오산시 외삼미동353-2,37.190963,127.053481,삼미낚시터 옆 버스정류장 근처,세교안전센터,Y,Y,2018,1,3.8,100,오산소방서,031-8059-7413,2021-04-12
"시청 세교 - 104",1,경기도,오산시,41370,경기도 오산시 외삼미로15번길 54-4,"경기도 오산시 외삼미동459-84 (기선정밀,)",37.193648,127.049846,태길기공 공장 앞,세교안전센터,Y,Y,2018,1,3.8,100,오산소방서,031-8059-7413,2021-04-12
"시청 세교 - 105",1,경기도,오산시,41370,경기도 오산시 외삼미로 15번길 106,"경기도 오산시 외삼미동461-20 (한국슈퍼맥스,)",37.193583,127.052031,한국철도도로공사 옆 쪽길,세교안전센터,Y,Y,2018,1,3.8,100,오산소방서,031-8059-7413,2021-04-12
"시청 세교 - 106",1,경기도,오산시,41370,경기도 오산시 외삼미로 15번길 69,"경기도 오산시 외삼미동484 (엔아이원, 가동)",37.194968,127.049018,외삼미동 68번지 건물 옆 도로변,세교안전센터,Y,Y,2018,1,3.8,100,오산소방서,031-8059-7413,2021-04-12
"시청 세교 - 107",1,경기도,오산시,41370,경기도 오산시 외삼미로 15번길 37,경기도 오산시 외삼미동537-1,37.192395,127.0498982,외삼미동 38번지 건물 옆,세교안전센터,Y,Y,2018,1,3.8,100,오산소방서,031-8059-7413,2021-04-12
"시청 세교 - 108",1,경기도,오산시,41370,경기도 오산시 외삼미로 5번길 31,경기도 오산시 외삼미동571-11,37.190398,127.049739,외삼미동 31번지 건물 앞,세교안전센터,Y,Y,2018,1,3.8,100,오산소방서,031-8059-7413,2021-04-12
"시청 세교 - 109",1,경기도,오산시,41370,경기도 오산시 외삼미로 54-27,경기도 오산시 외삼미동614-8,37.19024117,127.059901,외삼미동 50-53번지 건물 맞은편 도로,세교안전센터,Y,Y,2018,1,3.8,100,오산소방서,031-8059-7413,2021-04-12
"시청 세교 - 110",1,경기도,오산시,41370,,경기도 오산시 은계동 115-1,37.162092,127.074763,루마버텍스 건물 옆,세교안전센터,N,Y,2019,1,3.8,100,오산소방서,031-8059-7413,2021-04-12
"시청 세교 - 111",1,경기도,오산시,41370,,경기도 오산시 은계동 28-6,37.161255,127.074093,은계동 14번지 건물 뒤,세교안전센터,Y,Y,2019,1,3.8,100,오산소방서,031-8059-7413,2021-04-12
"시청 세교 - 112",1,경기도,오산시,41370,,경기도 오산시 은계동 31-6,37.160441,127.073232,은계동 어린이공원 맞은편 사거리,세교안전센터,Y,Y,2019,1,3.8,100,오산소방서,031-8059-7413,2021-04-12
"시청 세교 - 113",1,경기도,오산시,41370,,경기도 오산시 은계동 49-5,37.163131,127.072878,금성타운 뒤 공영주차장 옆,세교안전센터,N,Y,2019,1,3.8,100,오산소방서,031-8059-7413,2021-04-12
"시청 세교 - 114",1,경기도,오산시,41370,,경기도 오산시 은계동 7-27,37.160143,127.077901,장수성 옛날짜장 앞,세교안전센터,Y,Y,2019,1,3.8,100,오산소방서,031-8059-7413,2021-04-12
"시청 세교 - 116",1,경기도,오산시,41370,,경기도 오산시 지곶동317-4,37.178465,127.023084,지곶동 34번지 건물 앞,세교안전센터,Y,Y,2019,1,3.8,0,오산소방서,031-8059-7413,2021-04-12
"시청 세교 - 117",1,경기도,오산시,41370,경기도 오산시 지곶43번길 15-20,경기도 오산시 지곶동185-4,37.180837,127.023394,지곶동 15-20 건물 위(산 방향),세교안전센터,N,Y,2019,1,3.8,0,오산소방서,031-8059-7413,2021-04-12
"시청 세교 - 118",1,경기도,오산시,41370,,경기도 오산시 지곶동253-2,37.178092,127.026412,흥부갈비 앞 도로,세교안전센터,Y,Y,2019,1,3.8,0,오산소방서,031-8059-7413,2021-04-12
"시청 세교 - 119",1,경기도,오산시,41370,,경기도 오산시 지곶동 568,37.175329,127.023489,세마대승마장 옆 도로변,세교안전센터,Y,Y,2019,1,3.8,0,오산소방서,031-8059-7413,2021-04-12
"시청 세교 - 120",1,경기도,오산시,41370,,경기도 오산시 지곶동331,37.178334,127.021825,지곶동 331번지 옆 도로변,세교안전센터,N,Y,2019,1,3.8,0,오산소방서,031-8059-7413,2021-04-12
"시청 세교 - 121",1,경기도,오산시,41370,,경기도 오산시 지곶동 564-1,37.171148,127.028909,한라합기도 도로 옆,세교안전센터,Y,Y,2019,1,2.5,0,오산소방서,031-8059-7413,2021-04-12
"시청 세교 - 122",1,경기도,오산시,41370,,경기도 오산시 지곶동 564-1,37.171079,127.030546,디씨티 공장 맞은편,세교안전센터,Y,Y,2019,1,2.5,0,오산소방서,031-8059-7413,2021-04-12
"시청 세교 - 123",1,경기도,오산시,41370,,경기도 오산시 지곶동 564,37.173889,127.029415,지곶동 564번지 도로,세교안전센터,Y,Y,2019,1,2.5,0,오산소방서,031-8059-7413,2021-04-12
"시청 세교 - 124",1,경기도,오산시,41370,,경기도 오산시 지곶동 564-1,37.171067,127.031505,디씨티 공장 우측,세교안전센터,Y,Y,2019,1,2.5,0,오산소방서,031-8059-7413,2021-04-12
"시청 세교 - 125",1,경기도,오산시,41370,,경기도 오산시 지곶동564-2,37.171919,127.028467,티로보틱스 옆 도로,세교안전센터,Y,Y,2019,1,2.5,0,오산소방서,031-8059-7413,2021-04-12
"시청 세교 - 126",1,경기도,오산시,41370,경기도 오산시 독산성로 270번길 8,경기도 오산시 지곶동85,37.179223,127.028824,지곶동 85번지 사거리,세교안전센터,Y,Y,2019,1,2.5,0,오산소방서,031-8059-7413,2021-04-12
"시청 세교 - 127",1,경기도,오산시,41370,,경기도 오산시 지곶동 564,37.169716,127.032349,코어시스템즈 맞은편,세교안전센터,Y,Y,2019,1,2.5,0,오산소방서,031-8059-7413,2021-04-12
"시청 세교 - 128",1,경기도,오산시,41370,,경기도 오산시 지곶동산74-3,37.181334,127.031479,지곶동 산 74-3 도로,세교안전센터,Y,Y,2019,1,2.5,100,오산소방서,031-8059-7413,2021-04-12
"세교2020-1호",1,경기도,오산시,41370,,경기도 오산시 내삼미동 743,37.182492,127.054374,반반한 행복 앞,세교안전센터,Y,Y,2020,1,2.5,100,오산소방서,031-8059-7413,2021-04-12
"세교2020-2호",1,경기도,오산시,41370,,경기도 오산시 세교동 570-9,37.191617,127.037651,세교가든 옆,세교안전센터,Y,Y,2020,1,2.5,100,오산소방서,031-8059-7413,2021-04-12
"세교2020-3호",1,경기도,오산시,41370,,경기도 오산시 양산동 653-12,37.195977,127.024981,아뜨리움A동 앞,세교안전센터,Y,Y,2020,1,2.5,100,오산소방서,031-8059-7413,2021-04-12
"시청-원동1호",1,경기도,오산시,41370,경기도 오산시 두곡로 58,경기도 오산시 두곡동 131-4,37.129525,127.045275,시립두곡동경로 앞,원동안전센터,N,Y,2018,1,4,65,오산소방서,031-8059-7413,2021-04-12
"시청-원동2호",1,경기도,오산시,41370,경기도 오산시 황새로 117,경기도 오산시 누읍동 131-3,37.136929,127.059932,거성정밀 앞,원동안전센터,Y,Y,2019,1,4,100,오산소방서,031-8059-7413,2021-04-12
"시청-원동3호",1,경기도,오산시,41370,경기도 오산시 오산로226번길 36,경기도 오산시 원동 758-5,37.130343,127.0724687,우리원룸 앞,원동안전센터,N,N,2019,0.8,3.5,0,오산소방서,031-8059-7413,2021-04-12
"시청-원동4호",1,경기도,오산시,41370,,경기도 오산시 원동 758-5,37.133907,127.083949,황제딸기농장 앞,원동안전센터,Y,Y,2003,2,4,100,오산소방서,031-8059-7413,2021-04-12
"시청-원동5호",1,경기도,오산시,41370,,경기도 오산시 갈곶동 80-8,37.131169,127.066639,해맑음 건물 앞,원동안전센터,Y,Y,2019,0.8,4,100,오산소방서,031-8059-7413,2021-04-12
"시청-원동6호",1,경기도,오산시,41370,,경기도 오산시 갈곶동 130-17,37.131599,127.067974,양지뜰 건물 앞,원동안전센터,Y,Y,2019,0.8,3.5,100,오산소방서,031-8059-7413,2021-04-12
"시청-원동7호",1,경기도,오산시,41370,,경기도 오산시 청호동 338,37.129898,127.082246,오산청호엘리시아아파트 103동 앞,원동안전센터,Y,N,2019,1.2,7,100,오산소방서,031-8059-7413,2021-04-12
"시청-원동8호",1,경기도,오산시,41370,,경기도 오산시 갈곶동 292-18,37.128413,127.075141,시립푸른숲 어린이집 옆,원동안전센터,Y,N,2019,1,4,100,오산소방서,031-8059-7413,2021-04-12
"시청-원동9호",1,경기도,오산시,41370,,경기도 오산시 갈곶동 289,37.129672,127.071213,오산대원초등학교 앞,원동안전센터,Y,N,2019,1,4,100,오산소방서,031-8059-7413,2021-04-12
"시청-원동10호",1,경기도,오산시,41370,,경기도 오산시 갈곶동 212-7,37.130865,127.069173,갈곶리 마을회관 앞,원동안전센터,Y,Y,2006,0.5,3.5,100,오산소방서,031-8059-7413,2021-04-12
"시청-원동11호",1,경기도,오산시,41370,,경기도 오산시 누읍동 19-2,37.139852,127.057457,갈산리 논,원동안전센터,N,Y,2018,1,4,65,오산소방서,031-8059-7413,2021-04-12
"시청-원동12호",1,경기도,오산시,41370,,경기도 오산시 고현동 산 15-9,37.129762,127.092343,sk주유소 앞,원동안전센터,Y,N,2011,0.5,4,100,오산소방서,031-8059-7413,2021-04-12
"시청-원동13호",1,경기도,오산시,41370,,경기도 오산시 갈곶동 152-20,37.132158,127.069207,금강빌라 옆,원동안전센터,N,Y,2002,0.6,3.5,100,오산소방서,031-8059-7413,2021-04-12
"시청-원동14호",1,경기도,오산시,41370,,경기도 오산시 고현동 120,37.131873,127.087936,남가네설악추어탕 옆,원동안전센터,N,N,1999,0.8,3.5,100,오산소방서,031-8059-7413,2021-04-12
"시청-원동15호",1,경기도,오산시,41370,,경기도 오산시 고현동 50-9,37.134202,127.082531,cu편의점앞,원동안전센터,N,Y,2010,0.7,4,100,오산소방서,031-8059-7413,2021-04-12
"시청-원동16호",1,경기도,오산시,41370,,경기도 오산시 원동 758-5,37.132583,127.068986,갈산리 논,원동안전센터,Y,Y,2010,0.7,4,100,오산소방서,031-8059-7413,2021-04-12
"시청-원동17호",1,경기도,오산시,41370,,경기도 오산시 고현동 275,37.134115,127.081776,훌랄라 참숯불치킨 앞,원동안전센터,N,Y,2009,1.6,3.5,100,오산소방서,031-8059-7413,2021-04-12
"시청-원동18호",1,경기도,오산시,41370,경기도 오산시 경기대로 24-47,경기도 오산시 갈곶동 236-1,37.126297,127.072721,스마일독 펫택시 앞,원동안전센터,N,Y,2011,0.8,3.5,100,오산소방서,031-8059-7413,2021-04-12
"시청-원동19호",1,경기도,오산시,41370,,경기도 오산시 갈곶동 302-28,37.127533,127.077555,시립푸른숲 어린이집 옆,원동안전센터,Y,Y,2010,1.2,4.4,100,오산소방서,031-8059-7413,2021-04-12
"시청-원동20호",1,경기도,오산시,41370,경기도 오산시 발안로 1353-11,경기도 오산시 누읍동 561,37.142422,127.046535,초평도서관 앞,원동안전센터,N,Y,2018,1,3.8,65,오산소방서,031-8059-7413,2021-04-12
"시청-원동21호",1,경기도,오산시,41370,경기도 오산시 오산로 47,경기도 오산시 갈곶동 713,37.132051,127.067662,홍익아트 앞,원동안전센터,N,Y,2019,0.5,5,65,오산소방서,031-8059-7413,2021-04-12
"시청-원동22호",1,경기도,오산시,41370,,경기도 오산시 고현동 82-8,37.132737,127.085124,육교 앞,원동안전센터,Y,N,2019,1,1,65,오산소방서,031-8059-7413,2021-04-12
"시청-원동23호",1,경기도,오산시,41370,경기도 오산시 경기대로 187,경기도 오산시 원동 373-1,37.141296,127.073099,유탑유블레스건물 옆,원동안전센터,Y,Y,2019,1,4.3,65,오산소방서,031-8059-7413,2021-04-12
"시청-원동24호",1,경기도,오산시,41370,경기도 오산시 남부대로 335,경기도 오산시 원동 507-5,37.136272,127.0726725,다이소 앞,원동안전센터,Y,Y,2019,0.7,4,65,오산소방서,031-8059-7413,2021-04-12
"시청-원동25호",1,경기도,오산시,41370,경기도 오산시 경기대로148번길 34,경기도 오산시 원동 514-3,37.136747,127.074407,하나님의교회 부근,원동안전센터,Y,Y,2019,1.2,5,65,오산소방서,031-8059-7413,2021-04-12
"시청-원동26호",1,경기도,오산시,41370,,경기도 오산시 원동 678-1,37.138027,127.088073,주택 앞,원동안전센터,Y,Y,2019,0.5,3,65,오산소방서,031-8059-7413,2021-04-12
"시청-원동27호",1,경기도,오산시,41370,경기도 오산시 남부대로441번길 34-14,경기도 오산시 원동 655-39,37.136466,127.085439,한누리식품 건물 부근,원동안전센터,Y,Y,2019,0.3,3,65,오산소방서,031-8059-7413,2021-04-12
"시청-원동28호",1,경기도,오산시,41370,경기도 오산시 밀머리로1번길 16,경기도 오산시 원동 561-16,37.141657,127.076392,동규네과일 앞,원동안전센터,Y,Y,2019,1.5,3,65,오산소방서,031-8059-7413,2021-04-12
"시청-원동29호",1,경기도,오산시,41370,,경기도 오산시 원동 30-50,37.140726,127.089084,원당초등학교 앞 회전교차로 부근,원동안전센터,Y,Y,2019,1,4.5,65,오산소방서,031-8059-7413,2021-04-12
"시청-원동30호",1,경기도,오산시,41370,,경기도 오산시 원동 32-4,37.143078,127.086107,한양수자인아파트 상가동 앞,원동안전센터,Y,Y,2010,1,4,100,오산소방서,031-8059-7413,2021-04-12
"시청-원동31호",1,경기도,오산시,41370,,경기도 오산시 원동 705-11,37.139207,127.089195,비닐하우스 진입 전,원동안전센터,N,Y,2000,1,3,100,오산소방서,031-8059-7413,2021-04-12
"시청-원동32호",1,경기도,오산시,41370,,경기도 오산시 원동 905,37.133809,127.072698,우성벽돌 옆,원동안전센터,Y,Y,2000,1,4,100,오산소방서,031-8059-7413,2021-04-12
"시청-원동33호",1,경기도,오산시,41370,경기도 오산시 동부대로 306-21,경기도 오산시 갈곶동 349-1,37.130637,127.079433,화남빌딩 앞,원동안전센터,Y,Y,2000,1,4.1,100,오산소방서,031-8059-7413,2021-04-12
"시청-원동34호",1,경기도,오산시,41370,,경기도 오산시 갈곶동 232-2,37.128434,127.068983,진로마트 부근,원동안전센터,Y,Y,2017,0.7,3,300,오산소방서,031-8059-7413,2021-04-12
"시청-원동35호",1,경기도,오산시,41370,경기도 오산시 경기대로148번길 16,경기도 오산시 원동 380-23,37.137762,127.074957,정가네 국수집 옆,원동안전센터,N,Y,2018,0.7,3.5,300,오산소방서,031-8059-7413,2021-04-12
"시청-원동36호",1,경기도,오산시,41370,경기도 오산시 동부대로436번길 55-18,경기도 오산시 원동 114-10,37.141949,127.083233,교촌치킨 건물 주변,원동안전센터,N,Y,2018,0.7,5,300,오산소방서,031-8059-7413,2021-04-12
"시청-원동37호",1,경기도,오산시,41370,경기도 오산시 경기대로 99-15,경기도 오산시 원동 807,37.131861,127.0698235,김경옥 가마솥 추어탕건물 옆,원동안전센터,N,N,2017,0.8,4.2,300,오산소방서,031-8059-7413,2021-04-12
"시청-원동38호",1,경기도,오산시,41370,경기도 오산시 발안로 1353-11,경기도 오산시 누읍동 561,37.131373,127.071998,초평도서관 부근,원동안전센터,N,Y,2018,1,3.8,65,오산소방서,031-8059-7413,2021-04-12
"시청-원동39호",1,경기도,오산시,41370,경기도 오산시 오산로190번길 44,경기도 오산시 원동 789-9,37.143886,127.073385,화성공업사 앞,원동안전센터,N,N,2019,0.7,4.1,100,오산소방서,031-8059-7413,2021-04-12
"시청-원동40호",1,경기도,오산시,41370,경기도 오산시 절골길 42,경기도 오산시 원동14,37.145128,127.089145,대원빌라 앞,원동안전센터,Y,Y,2017,0.7,3.5,100,오산소방서,031-8059-7413,2021-04-12
"시청-원동41호",1,경기도,오산시,41370,경기도 오산시 원동로37번길 26-3,경기도 오산시 원동 26-3,37.144016,127.087798,커피베이 건물 부근,원동안전센터,Y,Y,2018,1.5,4,100,오산소방서,031-8059-7413,2021-04-12
"시청-원동42호",1,경기도,오산시,41370,경기도 오산시 부원로19번길 45,경기도 오산시 원동 58-7,37.145872,127.087994,주택 앞,원동안전센터,Y,Y,2018,0.7,4,100,오산소방서,031-8059-7413,2021-04-12
"시청-원동44호",1,경기도,오산시,41370,경기도 오산시 남부대로441번길 14-2,경기도 오산시 고현동 64-8,37.135008,127.084013,리치빌 앞,원동안전센터,Y,Y,2017,0.8,4.2,300,오산소방서,031-8059-7413,2021-04-12
"시청-원동53호",1,경기도,오산시,41370,경기도 오산시 동부대로 468-11,경기도 오산시 원동 124-1,37.144072,127.079739,대호물류보관창고 앞,원동안전센터,N,Y,2001,0.9,4.4,100,오산소방서,031-8059-7413,2021-04-12
"시청-원동54호",1,경기도,오산시,41370,경기도 오산시 동부대로 355,경기도 오산시 고현동 3,37.133749,127.077978,파리바게트 주변,원동안전센터,Y,N,2017,1,3.8,65,오산소방서,031-8059-7413,2021-04-12
"시청-원동55호",1,경기도,오산시,41370,경기도 오산시 동부대로 333,경기도 오산시 갈곶동 336,37.131813,127.078402,GS칼텍스 주유소 주변,원동안전센터,Y,Y,2017,1,3.8,65,오산소방서,031-8059-7413,2021-04-12
"시청-원동56호",1,경기도,오산시,41370,경기도 오산시 경기대로 78-27,경기도 오산시 갈곶동 317-22,37.131158,127.0750738,평강빌라 옆,원동안전센터,Y,Y,2017,1,3,65,오산소방서,031-8059-7413,2021-04-12
"시청-원동57호",1,경기도,오산시,41370,,경기도 오산시 갈곶동 718,37.129141,127.073852,피오레 어린이집 앞,원동안전센터,Y,Y,2017,1,3,65,오산소방서,031-8059-7413,2021-04-12
"시청-원동58호",1,경기도,오산시,41370,경기도 오산시 오산로 39,경기도 오산시 갈곶동 170,37.130406,127.067644,타이어프로 앞,원동안전센터,Y,Y,2018,1,3,65,오산소방서,031-8059-7413,2021-04-12
"시청-원동62호",1,경기도,오산시,41370,경기도 오산시 남부대로362번길 38-3,경기도 오산시 갈곶동 322,37.132252,127.076963,한국아스콘공업협동조합연합회 품질기술연구원 진입로,원동안전센터,Y,Y,2018,0.9,3.8,75,오산소방서,031-8059-7413,2021-04-12
"시청-원동63호",1,경기도,오산시,41370,,경기도 오산시 갈곶동 327,37.133786,127.077228,이화다이아몬드 앞,원동안전센터,Y,Y,1999,0.7,3.4,100,오산소방서,031-8059-7413,2021-04-12
"시청-원동64호",1,경기도,오산시,41370,,경기도 오산시 두곡동 2-3,37.135139,127.040108,오일뱅크 옆,원동안전센터,Y,Y,2018,0.7,4,100,오산소방서,031-8059-7413,2021-04-12
"시청-원동65호",1,경기도,오산시,41370,,경기도 오산시 벌음동 233-3,37.140538,127.043691,초평동 행정복지센터 부근,원동안전센터,Y,Y,2008,0.7,4.5,100,오산소방서,031-8059-7413,2021-04-12
"오산원동 2020-1호",1,경기도,오산시,41370,경기도 오산시 두곡로 26,경기도 오산시 두곡동 70,37.131466,127.045965,대명자동차공업사 앞,원동안전센터,Y,Y,2020,1,4,100,오산소방서,031-8059-7413,2021-04-12
"오산원동 2020-2호",1,경기도,오산시,41370,경기도 오산시 발안로 1252,경기도 오산시 벌음동 131-4,37.138474,127.037207,오일뱅크 옆,원동안전센터,Y,Y,2020,1,4,100,오산소방서,031-8059-7413,2021-04-12
"시청-원동59호",1,경기도,오산시,41370,,경기도 오산시 부산동 806,37.151451,127.090947,다온유치원 앞,원동안전센터,Y,Y,2017,4,3.5,200,오산소방서,031-8059-7413,2021-04-12
"시청-원동60호",1,경기도,오산시,41370,경기도 오산시 부산중앙로 25-6,경기도 오산시 부산동 690,37.15091036,127.0907427,다온유치원 옆,원동안전센터,Y,Y,2017,2,3.5,200,오산소방서,031-8059-7413,2021-04-12
"시청-원동61호",1,경기도,오산시,41370,,경기도 오산시 부산동 814,37.150938,127.091806,오산시티자이2차 주차장 앞,원동안전센터,Y,Y,2017,2,3.5,200,오산소방서,031-8059-7413,2021-04-12
"시청 청학 - 1",1,경기도,오산시,41370,경기도 오산시 가수로 68,"경기도 오산시 가수동 29 ( , )",37.14762573,127.0462953,늘푸른오스카빌 113동 건너편,청학안전센터,Y,Y,2018,1,6,65,오산소방서,031-8059-7413,2021-04-12
"시청 청학 - 2",1,경기도,오산시,41370,경기도 오산시 가수로 31,"경기도 오산시 가수동 398-1 (늘푸른오스카빌, 상가동)",37.14636676,127.0490291,늘푸른오스카빌 상가 앞,청학안전센터,N,Y,2018,1,6,65,오산소방서,031-8059-7413,2021-04-12
"시청 청학 - 3",1,경기도,오산시,41370,,경기도 오산시 가수동 124-3,37.14714226,127.0506885,가수1로 13,청학안전센터,Y,Y,2018,1,6,65,오산소방서,031-8059-7413,2021-04-12
"시청 청학 - 4",1,경기도,오산시,41370,,경기도 오산시 가수동 299-1,37.150041,127.062244,SK주유소 및 타이어가게 뒤편,청학안전센터,Y,Y,2018,1,6,65,오산소방서,031-8059-7413,2021-04-12
"시청 청학 - 5",1,경기도,오산시,41370,경기도 오산시 황새로 187,경기도 오산시 가수동 378-4,37.14325183,127.0614014,GS편의점 옆,청학안전센터,Y,Y,2019,1,6,100,오산소방서,031-8059-7413,2021-04-12
"시청 청학 - 6",1,경기도,오산시,41370,경기도 오산시 청학로 108-5,경기도 오산시 궐동 588-3,37.15860752,127.0651128,청학로 108-5,청학안전센터,N,Y,2018,1,6,65,오산소방서,031-8059-7413,2021-04-12
"시청 청학 - 7",1,경기도,오산시,41370,경기도 오산시 대호로71번길 28,경기도 오산시 궐동 683-5,37.1583443,127.0535132,대호로71번길 28,청학안전센터,N,Y,2018,1,6,65,오산소방서,031-8059-7413,2021-04-12
"시청 청학 - 8",1,경기도,오산시,41370,경기도 오산시 대호로62번길 62,경기도 오산시 궐동 689-1,37.15734001,127.0544213,아씨닭발 앞,청학안전센터,Y,Y,2019,1,6,100,오산소방서,031-8059-7413,2021-04-12
"시청 청학 - 9",1,경기도,오산시,41370,경기도 오산시 궐리사로29번길 31,경기도 오산시 궐동 622-3,37.16086357,127.057835,성심교회 앞,청학안전센터,Y,Y,2019,1,6,100,오산소방서,031-8059-7413,2021-04-12
"시청 청학 - 10",1,경기도,오산시,41370,경기도 오산시 궐리사로46번길 22,경기도 오산시 궐동 668-4,37.15914106,127.0563253,제4 어린이공원 입구,청학안전센터,Y,Y,2019,1,6,65,오산소방서,031-8059-7413,2021-04-12
"시청 청학 - 11",1,경기도,오산시,41370,경기도 오산시 궐리사로46번길 11,경기도 오산시 궐동 669-1,37.15975868,127.0566276,거상빌 앞,청학안전센터,Y,Y,2019,1,3.8,65,오산소방서,031-8059-7413,2021-04-12
"시청 청학 - 12",1,경기도,오산시,41370,경기도 오산시 궐리사로29번길 38,경기도 오산시 궐동 625-1,37.16032727,127.0581509,조원빌 앞,청학안전센터,Y,Y,2019,1,3.4,65,오산소방서,031-8059-7413,2021-04-12
"시청 청학 - 13",1,경기도,오산시,41370,경기도 오산시 궐리사로29번길 49,경기도 오산시 궐동 623-7,37.16010677,127.0596646,미니스탑 맞은 편,청학안전센터,Y,Y,2019,1,4,65,오산소방서,031-8059-7413,2021-04-12
"시청 청학 - 14",1,경기도,오산시,41370,경기도 오산시 궐리사로63,경기도 오산시 궐동 631-2,37.15919656,127.0594691,대우떡방앗간 앞,청학안전센터,Y,Y,2019,1,4.5,65,오산소방서,031-8059-7413,2021-04-12
"시청 청학 - 15",1,경기도,오산시,41370,경기도 오산시 궐리사로59번길25,경기도 오산시 궐동 628-7,37.15988139,127.0611106,쉐프마스터 옆,청학안전센터,Y,Y,2019,1,4,65,오산소방서,031-8059-7413,2021-04-12
"시청 청학 - 16",1,경기도,오산시,41370,경기도 오산시 매홀로 20,경기도 오산시 궐동 586-7,37.15943891,127.0637089,은광교회인근,청학안전센터,Y,Y,2019,1,4,65,오산소방서,031-8059-7413,2021-04-12
"시청 청학 - 17",1,경기도,오산시,41370,경기도 오산시 청학로 118,경기도 오산시 궐동 590-3,37.1593396,127.0645641,신궐동이발관 앞,청학안전센터,Y,Y,2019,1,3.5,100,오산소방서,031-8059-7413,2021-04-12
"시청 청학 - 18",1,경기도,오산시,41370,경기도 오산시 청학로 110-13,경기도 오산시 궐동 589-2,37.15940575,127.0651021,도로변 전신주 옆,청학안전센터,Y,Y,2019,1,3.5,100,오산소방서,031-8059-7413,2021-04-12
"시청 청학 - 19",1,경기도,오산시,41370,경기도 오산시 대호로62번길 9-25,경기도 오산시 궐동 693-11,37.15745992,127.0567163,로즈빌라 앞,청학안전센터,Y,Y,2019,1,3.5,100,오산소방서,031-8059-7413,2021-04-12
"시청 청학 - 20",1,경기도,오산시,41370,경기도 오산시 오산로368번길 10,경기도 오산시 궐동 575,37.16021364,127.0669255,유한 앞,청학안전센터,Y,Y,2019,1,6,100,오산소방서,031-8059-7413,2021-04-12
"시청 청학 - 21",1,경기도,오산시,41370,경기도 오산시 경기대로 401-4,경기도 오산시 궐동 27-5,37.16013659,127.0692605,부림빌라 앞,청학안전센터,N,Y,2018,1,6,65,오산소방서,031-8059-7413,2021-04-12
"시청 청학 - 22",1,경기도,오산시,41370,경기도 오산시 은여울로7번길 34-8,경기도 오산시 궐동 33-9,37.15978064,127.0690603,은여울로7번길 34-8,청학안전센터,N,Y,2018,1,6,65,오산소방서,031-8059-7413,2021-04-12
"시청 청학 - 23",1,경기도,오산시,41370,경기도 오산시 오산로 392,경기도 오산시 궐동 6-17,37.16172558,127.0659086,오산평화교회 앞,청학안전센터,N,Y,2018,1,6,65,오산소방서,031-8059-7413,2021-04-12
"시청 청학 - 24",1,경기도,오산시,41370,경기도 오산시 서동로65번길 128,경기도 오산시 서동 470-6,37.15181591,127.034447,태양이엔씨 앞,청학안전센터,N,Y,2018,1,6,65,오산소방서,031-8059-7413,2021-04-12
"시청 청학 - 25",1,경기도,오산시,41370,경기도 오산시 서동로65번길 87,경기도 오산시 서동 459-4,37.1518012,127.0330549,서촌경로당 앞,청학안전센터,N,Y,2018,1,6,65,오산소방서,031-8059-7413,2021-04-12
"시청 청학 - 26",1,경기도,오산시,41370,경기도 오산시 서동로65번길 165-21,경기도 오산시 서동 267,37.151237,127.0385606,숲속다원유치원 앞,청학안전센터,N,Y,2018,1,6,65,오산소방서,031-8059-7413,2021-04-12
"시청 청학 - 27",1,경기도,오산시,41370,경기도 오산시 초평로 84-6,경기도 오산시 서동 125-10,37.14421097,127.0448312,동주트리안 아파트 앞,청학안전센터,Y,Y,2018,1,6,65,오산소방서,031-8059-7413,2021-04-12
"시청 청학 - 28",1,경기도,오산시,41370,경기도 오산시 청학로 53,경기도 오산시 청학동 12-1,37.1541391,127.0637676,오산메이커교육센터 앞,청학안전센터,N,Y,2019,1,5,100,오산소방서,031-8059-7413,2021-04-12
"시청 청학 - 29",1,경기도,오산시,41370,경기도 오산시 청학로43번길 24-13,경기도 오산시 청학동 44,37.15256646,127.0617852,청학로43번길 24-13,청학안전센터,N,Y,2019,1,6,100,오산소방서,031-8059-7413,2021-04-12
"시청 청학 - 30",1,경기도,오산시,41370,경기도 오산시 청학로17번길 40,경기도 오산시 청학동 51-1,37.153987,127.0606956,오산고등학교 후문 앞,청학안전센터,N,Y,2019,1,6,100,오산소방서,031-8059-7413,2021-04-12
"시청 청학 - 31",1,경기도,오산시,41370,경기도 오산시 청학로17번길 6-9,경기도 오산시 청학동 32-16,37.15229976,127.0618809,성광빌라 앞,청학안전센터,N,Y,2019,1,5,100,오산소방서,031-8059-7413,2021-04-12
"시청 청학 - 32",1,경기도,오산시,41370,경기도 오산시 궐동로 94,경기도 오산시 궐동 659-3,37.15689815,127.0635466,캠퍼스뷰B 앞,청학안전센터,N,Y,2019,1,5,100,오산소방서,031-8059-7413,2021-04-12
"시청 청학 - 33",1,경기도,오산시,41370,경기도 오산시 대호로 37,경기도 오산시 청학동 69-1,37.15495427,127.0573349,오산공인중개사 앞,청학안전센터,N,Y,2019,1,5,100,오산소방서,031-8059-7413,2021-04-12
"시청 청학 - 34",1,경기도,오산시,41370,경기도 오산시 대호로 25-4,경기도 오산시 청학동 72-1,37.1542785,127.0575006,대국빌라 앞,청학안전센터,N,Y,2019,1,5,65,오산소방서,031-8059-7413,2021-04-12
"시청 청학 - 35",1,경기도,오산시,41370,경기도 오산시 청학로 52,경기도 오산시 청학동 9-4,37.1538477,127.0638065,짬뽕타임24시 앞,청학안전센터,N,Y,2019,1,5,100,오산소방서,031-8059-7413,2021-04-12
"시청 청학 - 36",1,경기도,오산시,41370,경기도 오산시 청학로5번길 20,경기도 오산시 청학동 52-1,37.15289185,127.0593945,청학연립 뒤,청학안전센터,Y,Y,2019,1,5,100,오산소방서,031-8059-7413,2021-04-12
"시청 청학 - 37",1,경기도,오산시,41370,경기도 오산시 청학로 17번길 5-6,경기도 오산시 청학동 41-1,37.1512252,127.0612987,청학동장모님칼국수골목,청학안전센터,Y,Y,2019,1,5,100,오산소방서,031-8059-7413,2021-04-12
"시청 청학 - 38",1,경기도,오산시,41370,경기도 오산시 성호대로 50번길 7,경기도 오산시 오산동 606-5,37.14999551,127.0671814,모닝빌 뒤,청학안전센터,Y,Y,1900,1,4.2,100,오산소방서,031-8059-7413,2021-04-12
"시청 청학 - 39",1,경기도,오산시,41370,경기도 오산시 운천로 81,경기도 오산시 오산동 910-3,37.15019926,127.0743497,어사출소 앞,청학안전센터,Y,Y,2018,1,6,100,오산소방서,031-8059-7413,2021-04-12
"시청 청학 - 40",1,경기도,오산시,41370,경기도 오산시 경기동로 33,"경기도 오산시 오산동 40 (오산스포츠센터, )",37.15921854,127.0756921,오산스포츠센터 정문 앞,청학안전센터,Y,Y,2018,1,6,100,오산소방서,031-8059-7413,2021-04-12
"시청 청학 - 41",1,경기도,오산시,41370,경기도 오산시 오산로290번길 30,경기도 오산시 오산동 849-2,37.15341726,127.071592,경일아파트 앞,청학안전센터,Y,Y,2019,1,6,100,오산소방서,031-8059-7413,2021-04-12
"시청 청학 - 42",2,경기도,오산시,41370,경기도 오산시 오산로300번길 10-4,경기도 오산시 오산동 434-10,37.15352381,127.0696408,식자재마트 앞,청학안전센터,N,Y,2019,1,6,0,오산소방서,031-8059-7413,2021-04-12
"시청 청학 - 43",2,경기도,오산시,41370,경기도 오산시 오산로300번길 3,경기도 오산시 오산동 432-1,37.15390321,127.0690489,할머니집 앞,청학안전센터,N,Y,2019,1,6,0,오산소방서,031-8059-7413,2021-04-12
"시청 청학 - 44",2,경기도,오산시,41370,경기도 오산시 성호새싹길 5,경기도 오산시 오산동 872-4,37.14944771,127.0698862,키다라와총각네 앞,청학안전센터,N,Y,2019,1,6,0,오산소방서,031-8059-7413,2021-04-12
"시청 청학 - 45",1,경기도,오산시,41370,경기도 오산시 성호대로33번길 31,경기도 오산시 오산동 503-47,37.15333175,127.0650152,성호대로33번길 31,청학안전센터,Y,Y,2019,1,6,100,오산소방서,031-8059-7413,2021-04-12
"시청 청학 - 46",1,경기도,오산시,41370,,경기도 오산시 오산동 483-14,37.15203791,127.0650148,성호초등학교 뒤,청학안전센터,Y,Y,2019,1,6,100,오산소방서,031-8059-7413,2021-04-12
"시청 청학 - 47",1,경기도,오산시,41370,경기도 오산시 역광장로83번길 20,경기도 오산시 오산동 545-6,37.1506379,127.0668972,오산생명교회 뒤,청학안전센터,Y,Y,2019,1,6,100,오산소방서,031-8059-7413,2021-04-12
"시청 청학 - 48",1,경기도,오산시,41370,경기도 오산시 성호대로55번길 9-1,경기도 오산시 오산동 545-7,37.14943136,127.0675119,트윈펠리스2 뒤,청학안전센터,Y,Y,2019,1,6,100,오산소방서,031-8059-7413,2021-04-12
"시청 청학 - 49",1,경기도,오산시,41370,경기도 오산시 성호대로 55번길 23,경기도 오산시 오산동 473-11,37.14999596,127.0675567,성호대로 55번길 23,청학안전센터,Y,Y,2019,1,6,100,오산소방서,031-8059-7413,2021-04-12
"시청 청학 - 50",1,경기도,오산시,41370,,경기도 오산시 오산동 822-118,37.151692,127.067597,오산시자율방법 순찰연합대 중앙동대 앞,청학안전센터,Y,Y,2019,1,3.8,100,오산소방서,031-8059-7413,2021-04-12
"시청 청학 - 51",1,경기도,오산시,41370,경기도 오산시 역광장로83번길 58,경기도 오산시 오산동 417-7,37.15281355,127.0674595,선녀보살 인근,청학안전센터,Y,Y,2019,1,3.8,100,오산소방서,031-8059-7413,2021-04-12
"시청 청학 - 52",1,경기도,오산시,41370,경기도 오산시 역광장로83번길 66,경기도 오산시 오산동 415-6,37.15357771,127.0674549,엘리시아 앞,청학안전센터,Y,Y,2019,1,3.8,100,오산소방서,031-8059-7413,2021-04-12
"시청 청학 - 53",1,경기도,오산시,41370,경기도 오산시 오산천로158번길 2-9,경기도 오산시 오산동 617-10,37.1479646,127.0640397,오산천로158번길 2-9,청학안전센터,N,N,1900,1,4.1,100,오산소방서,031-8059-7413,2021-04-12
"시청 청학 - 54",1,경기도,오산시,41370,경기도 오산시 오산로 281,경기도 오산시 오산동 842-11,37.1522918,127.068497,세븐일레븐 앞,청학안전센터,Y,Y,2019,1,3.8,100,오산소방서,031-8059-7413,2021-04-12
"시청 청학 - 55",1,경기도,오산시,41370,경기도 오산시 운천로165번길 17-7,경기도 오산시 오산동 918-1,37.15709509,127.0773414,덕산원룸 앞,청학안전센터,Y,Y,2019,1,3.8,100,오산소방서,031-8059-7413,2021-04-12
"시청 청학 - 56",1,경기도,오산시,41370,경기도 오산시 운천로 143,경기도 오산시 오산동 77-6,37.15578655,127.0753136,램빗 양꼬치 앞,청학안전센터,Y,Y,2019,1,3.8,100,오산소방서,031-8059-7413,2021-04-12
"시청 청학 - 57",1,경기도,오산시,41370,경기도 오산시 오산로 221,경기도 오산시 오산동 903-1,37.14696443,127.0679876,중앙파출소 앞,청학안전센터,Y,Y,1900,1,3.8,300,오산소방서,031-8059-7413,2021-04-12
"시청 청학 - 58",1,경기도,오산시,41370,경기도 오산시 역광장로 32,경기도 오산시 오산동 883-14,37.14367112,127.0678397,모던하우스 앞,청학안전센터,Y,Y,1900,1,4.2,300,오산소방서,031-8059-7413,2021-04-12
"시청 청학 - 59",1,경기도,오산시,41370,경기도 오산시 역광장로 52,경기도 오산시 오산동 881-11,37.14527227,127.0677615,토박이생선구이 앞,청학안전센터,Y,Y,1900,1,4.3,300,오산소방서,031-8059-7413,2021-04-12
"시청 청학 - 60",1,경기도,오산시,41370,경기도 오산시 오산천로158번길 3,경기도 오산시 오산동 612-20,37.1487175,127.0640027,오산천로158번길 3,청학안전센터,N,N,1900,1,4.1,0,오산소방서,031-8059-7413,2021-04-12
